Country Name,1972-01-01 00:00:00,1973-01-01 00:00:00,1974-01-01 00:00:00,1975-01-01 00:00:00,1976-01-01 00:00:00,1977-01-01 00:00:00,1978-01-01 00:00:00,1979-01-01 00:00:00,1980-01-01 00:00:00,1981-01-01 00:00:00,1982-01-01 00:00:00,1983-01-01 00:00:00,1984-01-01 00:00:00,1985-01-01 00:00:00,1986-01-01 00:00:00,1987-01-01 00:00:00,1988-01-01 00:00:00,1989-01-01 00:00:00,1990-01-01 00:00:00,1991-01-01 00:00:00,1992-01-01 00:00:00,1993-01-01 00:00:00,1994-01-01 00:00:00,1995-01-01 00:00:00,1996-01-01 00:00:00,1997-01-01 00:00:00,1998-01-01 00:00:00,1999-01-01 00:00:00,2000-01-01 00:00:00,2001-01-01 00:00:00,2002-01-01 00:00:00,2003-01-01 00:00:00,2004-01-01 00:00:00,2005-01-01 00:00:00,2006-01-01 00:00:00,2007-01-01 00:00:00,2008-01-01 00:00:00,2009-01-01 00:00:00,2010-01-01 00:00:00,2011-01-01 00:00:00,2012-01-01 00:00:00,2013-01-01 00:00:00,2014-01-01 00:00:00,2015-01-01 00:00:00,2016-01-01 00:00:00,2017-01-01 00:00:00,2018-01-01 00:00:00,2019-01-01 00:00:00
Aruba,,,,,,,,,,,,,,,,,,,,,,,,,,,,,,,,,,,,,,,,,,,,,,,,
Afghanistan,,,,,,,,,,,,,,,,,,,,,,,,,,,,,,,,,,,,,,,,,,,,,,,,
Angola,52,52,52,52,52,52,52,52,52,52,52,52,52,52,52,52,52,52,52,52,52,52,52,52,52,52,52,52,52,50.83511294,49.67340862,48.51170431,47.35,46.18511294,45.02340862,43.86170431,42.7,42.7,42.7,42.7,42.7,42.7,42.7,42.7,42.7,42.7,42.7,42.7
Albania,27,27,27,27,27,27,27,27,27,27,27,27,27,27,27,27,27,27,27,27,27,27,27,27,27,27.78476277,28.56738139,29.35,30.13261861,30.91738139,31.7,31.33366788,30.96733577,30.6,30.4,30.2,30,29.74948665,29.49965777,29.24982888,29,29,29,29,29,29,29,29
Andorra,,,,,,,,,,,,,,,,,,,,,,,,,,,,,,,,,,,,,,,,,,,,,,,,
Arab World,,,,,,,,,,,,,,,,,,,,,,,,,,,,,,,,,,,,,,,,,,,,,,,,
United Arab Emirates,,,,,,,,,,,,,,,,,,,,,,,,,,,,,,,,,,,,,,,,,,,,,,,,
Argentina,40.8,40.8,40.8,40.8,40.8,40.8,40.8,40.8,40.8,41.13394161,41.4669708,41.8,42.1330292,42.4669708,42.8,45.3,45.67474333,46.05051335,46.42525667,46.8,45.5,44.9,45.9,48.9,49.5,49.1,50.7,49.8,51.1,53.3,53.8,51.2,48.6,48,46.7,46.6,45.3,44.1,44.5,42.7,41.4,41,41.7,41.85,42,41.2,41.2,41.2
Armenia,36.2,36.2,36.2,36.2,36.2,36.2,36.2,36.2,36.2,36.2,36.2,36.2,36.2,36.2,36.2,36.2,36.2,36.2,36.2,36.2,36.2,36.2,36.2,36.2,36.2,36.2,36.2,36.2,35.8005472,35.4,34.8,33,37.5,36,29.7,31.2,29.2,28,30,29.4,29.6,30.6,31.5,32.4,32.5,33.6,33.6,33.6
American Samoa,,,,,,,,,,,,,,,,,,,,,,,,,,,,,,,,,,,,,,,,,,,,,,,,
Antigua and Barbuda,,,,,,,,,,,,,,,,,,,,,,,,,,,,,,,,,,,,,,,,,,,,,,,,
Australia,31.3,31.3,31.3,31.3,31.3,31.3,31.3,31.3,31.3,31.3,31.59979466,31.89958932,32.19938398,32.5,32.67488022,32.84976044,33.02464066,33.2,33.10004564,33.00009128,32.90013692,32.79990872,32.69995436,32.6,32.74986314,32.90013686,33.05,33.19986314,33.34972628,33.5,33.5,33.5,33.1,33.6761807,34.25078713,34.82539357,35.4,35.0495212,34.7,34.97481177,35.24962355,35.52518823,35.8,35.8,35.8,35.8,35.8,35.8
Austria,29.5,29.5,29.5,29.5,29.5,29.5,29.5,29.5,29.5,29.5,29.5,29.5,29.5,29.5,29.5,29.5,29.5,29.5,29.5,29.5,29.5,29.5,29.5,29.5,29.5,29.5,29.5,29.5,29.5,29.5,29.5,29.5,29.8,28.7,29.6,30.6,30.4,31.5,30.3,30.8,30.5,30.8,30.5,30.5,30.5,30.5,30.5,30.5
Azerbaijan,34.7,34.7,34.7,34.7,34.7,34.7,34.7,34.7,34.7,34.7,34.7,34.7,34.7,34.7,34.7,34.7,34.7,34.7,34.7,34.7,34.7,34.7,34.7,34.7,34.99972628,35.30027372,35.6,35.89972628,36.19945255,36.5,25.3,26.8,26.6,26.6,26.6,26.6,26.6,26.6,26.6,26.6,26.6,26.6,26.6,26.6,26.6,26.6,26.6,26.6
Burundi,33.3,33.3,33.3,33.3,33.3,33.3,33.3,33.3,33.3,33.3,33.3,33.3,33.3,33.3,33.3,33.3,33.3,33.3,33.3,33.3,33.3,34.80273723,36.30136861,37.8,39.29863139,40.80136861,42.3,41.18826146,40.07652293,38.96173854,37.85,36.73826146,35.62652293,34.51173854,33.4,34.1422761,34.88455221,35.62886195,36.37113805,37.11341416,37.85569026,38.6,38.6,38.6,38.6,38.6,38.6,38.6
Belgium,28.1,28.1,28.1,28.1,28.1,28.1,28.1,28.1,28.1,28.1,28.1,28.1,28.1,28.1,28.1,28.1,28.1,28.1,28.1,28.1,28.1,28.1,28.1,28.1,28.1,28.1,28.1,28.1,28.1,28.1,28.1,28.1,30.5,29.3,28.1,29.2,28.4,28.5,28.4,28.1,27.5,27.7,28.1,27.7,27.7,27.7,27.7,27.7
Benin,38.6,38.6,38.6,38.6,38.6,38.6,38.6,38.6,38.6,38.6,38.6,38.6,38.6,38.6,38.6,38.6,38.6,38.6,38.6,38.6,38.6,38.6,38.6,38.6,38.6,38.6,38.6,38.6,38.6,38.6,38.6,38.6,39.19958932,39.80082136,40.40041068,41,41.59958932,42.20082136,42.80041068,43.4,44.49924709,45.60150582,46.70075291,47.8,47.8,47.8,47.8,47.8
Burkina Faso,48.1,48.1,48.1,48.1,48.1,48.1,48.1,48.1,48.1,48.1,48.1,48.1,48.1,48.1,48.1,48.1,48.1,48.1,48.1,48.1,48.1,48.1,48.1,48.54969199,48.99938398,49.45030801,49.9,48.58072289,47.26144578,45.93855422,44.61927711,43.3,42.71719891,42.13280109,41.55,40.96719891,40.38439781,39.8,38.90049288,38.00098576,37.10147864,36.19950712,35.3,35.3,35.3,35.3,35.3,35.3
Bangladesh,25.9,25.9,25.9,25.9,25.9,25.9,25.9,25.9,25.9,25.9,25.9,25.9,26.39931601,26.9,27.53333333,28.16666667,28.8,28.39927007,27.99963504,27.6,28.92409309,30.25181383,31.57590691,32.9,32.99994524,33.10016429,33.20010953,33.30005476,33.4,33.35993432,33.31997811,33.28002189,33.24006568,33.2,32.98012048,32.76024096,32.54036145,32.31987952,32.1,32.14997718,32.19995436,32.25006846,32.30004564,32.35002282,32.4,32.4,32.4,32.4
Bulgaria,30.7,30.7,30.7,30.7,30.7,30.7,30.7,30.7,30.7,30.7,30.7,30.7,30.7,30.7,30.7,30.7,30.7,30.7,30.7,30.7,30.7,31.05784122,31.41470473,31.77156824,32.12843176,32.48627298,32.84313649,33.2,33.55686351,33.91470473,34.27156824,34.62843176,34.98529527,35.34313649,35.7,36.1,33.6,33.8,35.7,34.3,36,36.6,37.4,37.4,37.4,37.4,37.4,37.4
Bahrain,,,,,,,,,,,,,,,,,,,,,,,,,,,,,,,,,,,,,,,,,,,,,,,,
"Bahamas, The",,,,,,,,,,,,,,,,,,,,,,,,,,,,,,,,,,,,,,,,,,,,,,,,
Bosnia and Herzegovina,30,30,30,30,30,30,30,30,30,30,30,30,30,30,30,30,30,30,30,30,30,30,30,30,30,30,30,30,30,30,31.33333333,32.66666667,34,33.69945255,33.39972628,33.1,33.07501711,33.04996578,33.02498289,33,33,33,33,33,33,33,33,33
Belarus,32,32,32,32,32,32,32,32,32,32,32,32,32,32,32,32,32,32,32,32,32,32,32,32,32,32,32,31.7,31.2,30.6,30.3,28.8,26.5,27.6,28.3,29.6,27.8,27.7,28.6,27.2,26.5,26.6,27.2,25.6,25.3,25.4,25.4,25.4
Belize,60.3,60.3,60.3,60.3,60.3,60.3,60.3,60.3,60.3,60.3,60.3,60.3,60.3,60.3,60.3,60.3,60.3,60.3,60.3,60.3,60.3,60.3,60.9,58.75,56.6,60.4,54.9,53.3,53.3,53.3,53.3,53.3,53.3,53.3,53.3,53.3,53.3,53.3,53.3,53.3,53.3,53.3,53.3,53.3,53.3,53.3,53.3,53.3
Bermuda,,,,,,,,,,,,,,,,,,,,,,,,,,,,,,,,,,,,,,,,,,,,,,,,
Bolivia,42,42,42,42,42,42,42,42,42,42,42,42,42,42,42,42,42,42,42,44.31247556,46.62495111,48.94376222,51.25623778,53.56871334,55.88118889,58.2,58.15,58.1,61.6,57.4,59.3,57.15,55,58.5,56.7,54.5,50.8,49.2,47.65,46.1,46.6,47.6,47.8,46.7,44.6,44,44,44
Brazil,58,58,58,58,58,58,58,58,58,58,58.4,59,58.4,55.6,58.5,59.7,61.4,63.3,60.5,56.85,53.2,60.1,59.85,59.6,59.9,59.8,59.6,59,58.7004104,58.4,58.1,57.6,56.5,56.3,55.6,54.9,54,53.7,53.3,52.9,52.7,52.8,51.5,51.3,53.7,53.3,53.3,53.3
Barbados,,,,,,,,,,,,,,,,,,,,,,,,,,,,,,,,,,,,,,,,,,,,,,,,
Brunei Darussalam,,,,,,,,,,,,,,,,,,,,,,,,,,,,,,,,,,,,,,,,,,,,,,,,
Bhutan,40.9,40.9,40.9,40.9,40.9,40.9,40.9,40.9,40.9,40.9,40.9,40.9,40.9,40.9,40.9,40.9,40.9,40.9,40.9,40.9,40.9,40.9,40.9,40.9,40.9,40.9,40.9,40.9,40.9,40.9,40.9,40.9,40.20047912,39.49904175,38.79952088,38.1,38.23992333,38.38023001,38.52015334,38.66007667,38.8,38.51954023,38.23984674,37.96015326,37.68045977,37.4,37.4,37.4
Botswana,54.2,54.2,54.2,54.2,54.2,54.2,54.2,54.2,54.2,54.2,54.2,54.2,54.2,54.2,55.02443532,55.84887064,56.67330595,57.5,58.32443532,59.14887064,59.97330595,60.8,61.23306967,61.66613934,62.09920901,62.53346517,62.96653483,63.3996045,63.83267417,64.26693033,64.7,64.1004693,63.5009386,62.89976535,62.30023465,61.70070395,61.10117325,60.5,59.3005477,58.10109539,56.90164309,55.69890461,54.4994523,53.3,53.3,53.3,53.3,53.3
Central African Republic,61.3,61.3,61.3,61.3,61.3,61.3,61.3,61.3,61.3,61.3,61.3,61.3,61.3,61.3,61.3,61.3,61.3,61.3,61.3,61.3,61.3,59.68770533,58.07981583,56.47192633,54.86403683,53.25174216,51.64385266,50.03596317,48.42807367,46.81577899,45.2078895,43.6,46.11861993,48.6441402,51.16276013,53.68138007,56.2,56.2,56.2,56.2,56.2,56.2,56.2,56.2,56.2,56.2,56.2,56.2
Canada,32.4,32.4,32.4,32.4,32.4,32.4,32.4,32.4,32.4,32.4,32.25006846,32.10013692,31.95020539,31.79986308,31.64993154,31.5,31.37508556,31.24982888,31.12491444,31,31.09990876,31.20009124,31.3,31.39990876,31.49981752,31.6,33.2,33.25,33.3,33.40020534,33.50013689,33.60006845,33.7,33.73339416,33.76669708,33.8,33.73339416,33.66660584,33.6,33.73321168,33.86642336,34,34,34,34,34,34,34
Central Europe and the Baltics,,,,,,,,,,,,,,,,,,,,,,,,,,,,,,,,,,,,,,,,,,,,,,,,
Switzerland,33.9,33.9,33.9,33.9,33.9,33.9,33.9,33.9,33.9,33.9,33.9,33.9,33.9,33.9,33.9,33.9,33.9,33.9,33.9,33.9,33.9,33.9,33.9,33.9,33.9,33.9,33.9,33.9,33.9,33.9,33.9,33.9,33.9,33.9,33.9,34.3,33.8,32.9,32.6,31.7,31.6,32.5,32.5,32.3,32.3,32.3,32.3,32.3
Channel Islands,,,,,,,,,,,,,,,,,,,,,,,,,,,,,,,,,,,,,,,,,,,,,,,,
Chile,56.2,56.2,56.2,56.2,56.2,56.2,56.2,56.2,56.2,56.2,56.2,56.2,56.2,56.2,56.2,56.2,56.5330292,56.8669708,57.2,56,54.8,55.60109439,56.4,55.65,54.9,55.2004104,55.5,54.15,52.8,52.36587591,51.93293796,51.5,50.40100365,49.29899635,48.2,48.46642336,48.73284672,49,48.3,47.6,47.4502052,47.3,47.5,47.7,47.15075239,46.6,46.6,46.6
China,32.2,32.2,32.2,32.2,32.2,32.2,32.2,32.2,32.2,32.2,32.2,32.2,32.2,32.2,32.2,32.2,32.2,32.2,32.2,32.69977179,33.19954359,33.70068462,34.20045641,34.70022821,35.2,36.36879562,37.53439781,38.7,39.79899635,40.90100365,42,41.63366788,41.26733577,40.9,41.6,42.3,43,43.3504788,43.7,42.4,42.2,39.7,39.2,38.6,38.6,38.6,38.6,38.6
Cote d'Ivoire,45.5,45.5,45.5,45.5,45.5,45.5,45.5,45.5,45.5,45.5,45.5,45.5,45.5,45.5,38,40.5,36.9,37.52628337,38.15085558,38.77542779,39.4,39.80072993,40.20036496,40.6,40.06715328,39.53284672,39,39.57460643,40.14921287,40.72539357,41.3,41.61652214,41.93304427,42.25043359,42.56695573,42.88347786,43.2,42.95666797,42.71400078,42.47133359,42.22866641,41.98533438,41.74266719,41.5,41.5,41.5,41.5,41.5
Cameroon,44.4,44.4,44.4,44.4,44.4,44.4,44.4,44.4,44.4,44.4,44.4,44.4,44.4,44.4,44.4,44.4,44.4,44.4,44.4,44.4,44.4,44.4,44.4,44.4,44.4,43.93924466,43.47974822,43.02025178,42.56075534,42.1,42.21661342,42.33322684,42.44984026,42.56677316,42.68338658,42.8,43.34243254,43.88635119,44.42878373,44.97121627,45.51364881,46.05756746,46.6,46.6,46.6,46.6,46.6,46.6
"Congo, Dem. Rep.",42.2,42.2,42.2,42.2,42.2,42.2,42.2,42.2,42.2,42.2,42.2,42.2,42.2,42.2,42.2,42.2,42.2,42.2,42.2,42.2,42.2,42.2,42.2,42.2,42.2,42.2,42.2,42.2,42.2,42.2,42.2,42.2,42.2,42.18747433,42.17498289,42.16249144,42.15,42.13747433,42.12498289,42.11249144,42.1,42.1,42.1,42.1,42.1,42.1,42.1,42.1
"Congo, Rep.",47.3,47.3,47.3,47.3,47.3,47.3,47.3,47.3,47.3,47.3,47.3,47.3,47.3,47.3,47.3,47.3,47.3,47.3,47.3,47.3,47.3,47.3,47.3,47.3,47.3,47.3,47.3,47.3,47.3,47.3,47.3,47.3,47.3,47.3,47.56654496,47.83308991,48.09963487,48.36691009,48.63345504,48.9,48.9,48.9,48.9,48.9,48.9,48.9,48.9,48.9
Colombia,51.5,51.5,51.5,51.5,51.5,51.5,51.5,51.5,51.5,51.5,51.5,51.5,51.5,51.5,51.5,51.5,51.5,51.5,51.5,51.5,51.5,52.85277207,54.20184805,55.55092402,56.9,57.50109489,58.10054745,58.7,58.7,57.2,55.8,53.4,54.8,53.7,54.3,54.9,55.5,54.4,54.7,53.5,52.7,52.8,52.7,51.1,50.8,49.7,49.7,49.7
Comoros,55.9,55.9,55.9,55.9,55.9,55.9,55.9,55.9,55.9,55.9,55.9,55.9,55.9,55.9,55.9,55.9,55.9,55.9,55.9,55.9,55.9,55.9,55.9,55.9,55.9,55.9,55.9,55.9,55.9,55.9,55.9,55.9,55.9,54.72007299,53.54336983,52.36666667,51.1899635,50.0100365,48.83333333,47.65663017,46.47992701,45.3,45.3,45.3,45.3,45.3,45.3,45.3
Cabo Verde,52.5,52.5,52.5,52.5,52.5,52.5,52.5,52.5,52.5,52.5,52.5,52.5,52.5,52.5,52.5,52.5,52.5,52.5,52.5,52.5,52.5,52.5,52.5,52.5,52.5,52.5,52.5,52.5,52.5,52.5,51.61706983,50.73413966,49.85120949,48.96586034,48.08293017,47.2,47.2,47.2,47.2,47.2,47.2,47.2,47.2,47.2,47.2,47.2,47.2,47.2
Costa Rica,47.5,47.5,47.5,47.5,47.5,47.5,47.5,47.5,47.5,47.5,44.88143483,42.26286966,39.64430449,37.01856517,34.4,38.49625912,42.59251825,46.7,45.3,46.6,45.7,46,46.8,45.7,46.5,45.6,45.7,47.7,47.4,51.6,51.9,49.3,48.3,47.5,49.4,49.3,48.7,50.6,48.2,48.7,48.6,49.3,48.6,48.4,48.7,48.3,48.3,48.3
Caribbean small states,,,,,,,,,,,,,,,,,,,,,,,,,,,,,,,,,,,,,,,,,,,,,,,,
Cuba,,,,,,,,,,,,,,,,,,,,,,,,,,,,,,,,,,,,,,,,,,,,,,,,
Curacao,,,,,,,,,,,,,,,,,,,,,,,,,,,,,,,,,,,,,,,,,,,,,,,,
Cayman Islands,,,,,,,,,,,,,,,,,,,,,,,,,,,,,,,,,,,,,,,,,,,,,,,,
Cyprus,30.1,30.1,30.1,30.1,30.1,30.1,30.1,30.1,30.1,30.1,30.1,30.1,30.1,30.1,30.1,30.1,30.1,30.1,30.1,30.1,30.1,30.1,30.1,30.1,30.1,30.1,30.1,30.1,30.1,30.1,30.1,30.1,30.1,30.3,31.1,31.1,31.7,32.1,31.5,32.6,34.3,37,35.6,34,34,34,34,34
Czech Republic,26.6,26.6,26.6,26.6,26.6,26.6,26.6,26.6,26.6,26.6,26.6,26.6,26.6,26.6,26.6,26.6,26.6,26.6,26.6,26.6,26.6,26.6,26.33333333,26.06666667,25.8,26.01293634,26.2252909,26.43764545,26.65,26.86293634,27.0752909,27.28764545,27.5,26.9,26.7,26,26.3,26.2,26.6,26.4,26.1,26.5,25.9,25.9,25.9,25.9,25.9,25.9
Germany,29.2,29.2,29.2,29.2,29.2,29.2,29.2,29.2,29.2,29.2,29.2,29.2,29.2,29.2,29.2,29.2,29.2,29.2,29.2,29.2,29.2,29.2,29.2,29,28.76687956,28.53312044,28.3,28.55,28.8,30.3,30,30.3,30.4,32.3,31.3,31.3,31.2,30.5,30.2,30.5,30.7995896,31.1,31.4,31.7,31.7,31.7,31.7,31.7
Djibouti,40,40,40,40,40,40,40,40,40,40,40,40,40,40,40,40,40,40,40,40,40,40,40,40,40,40,40,40,40,40,40,40.5097207,41.0194414,41.5305586,42.0402793,42.55,43.0597207,43.5708379,44.0805586,44.5902793,45.1,44.1,43.47542779,42.85085558,42.22628337,41.6,41.6,41.6
Dominica,,,,,,,,,,,,,,,,,,,,,,,,,,,,,,,,,,,,,,,,,,,,,,,,
Denmark,25.6,25.6,25.6,25.6,25.6,25.6,25.6,25.6,25.6,25.6,25.6,25.6,25.6,25.6,25.6,25.6,25.6,25.6,25.6,25.6,25.6,25.6,25.6,25.6,25.6,25.6,25.6,25.6,25.6,25.6,25.6,25.6,24.9,25.2,25.9,26.2,25.2,26.7,27.2,27.3,27.8,28.5,28.4,28.2,28.2,28.2,28.2,28.2
Dominican Republic,47.8,47.8,47.8,47.8,47.8,47.8,47.8,47.8,47.8,47.8,47.8,47.8,47.8,47.8,47.8,48.69917883,49.59835766,50.5,50.8,51.1,51.4,50.39794661,49.39863107,48.39931554,47.4,48.9,49.76666667,50.63333333,51.5,50,49.7,52.1,52.1,50,52,48.9,48.1,48.9,47.3,47.7,46.1,47.7,44.3,45.2,45.7,45.7,45.7,45.7
Algeria,40.2,40.2,40.2,40.2,40.2,40.2,40.2,40.2,40.2,40.2,40.2,40.2,40.2,40.2,40.2,40.2,40.2,39.49863121,38.79917873,38.09972624,37.40027376,36.69890497,35.99945248,35.3,34.8190794,34.3368412,33.8559206,33.375,32.8940794,32.4118412,31.9309206,31.45,30.9690794,30.4868412,30.0059206,29.525,29.0440794,28.5618412,28.0809206,27.6,27.6,27.6,27.6,27.6,27.6,27.6,27.6,27.6
East Asia & Pacific (excluding high income),,,,,,,,,,,,,,,,,,,,,,,,,,,,,,,,,,,,,,,,,,,,,,,,
Early-demographic dividend,,,,,,,,,,,,,,,,,,,,,,,,,,,,,,,,,,,,,,,,,,,,,,,,
East Asia & Pacific,,,,,,,,,,,,,,,,,,,,,,,,,,,,,,,,,,,,,,,,,,,,,,,,
Europe & Central Asia (excluding high income),,,,,,,,,,,,,,,,,,,,,,,,,,,,,,,,,,,,,,,,,,,,,,,,
Europe & Central Asia,,,,,,,,,,,,,,,,,,,,,,,,,,,,,,,,,,,,,,,,,,,,,,,,
Ecuador,50.5,50.5,50.5,50.5,50.5,50.5,50.5,50.5,50.5,50.5,50.5,50.5,50.5,50.5,50.5,50.5,50.91396167,51.32905749,51.74301916,52.15698084,52.57094251,52.98603833,53.4,52.47563313,51.55126626,50.62436687,49.7,58.6,56.4,55.39817518,54.39908759,53.4,53.9,53.1,52.2,53.3,49.7,48.4,48.7,45.9,46.1,46.9,45,46,45,44.7,44.7,44.7
"Egypt, Arab Rep.",32,32,32,32,32,32,32,32,32,32,32,32,32,32,32,32,32,32,32,31.62020811,31.24041621,30.85958379,30.47979189,30.1,30.77453799,31.45092402,32.12546201,32.8,32.60010953,32.39967141,32.19978094,31.99989047,31.8,31.62464066,31.44976044,31.27488022,31.1,30.6493844,30.2,29.25,28.3,29.46879562,30.63439781,31.8,31.8,31.8,31.8,31.8
Euro area,,,,,,,,,,,,,,,,,,,,,,,,,,,,,,,,,,,,,,,,,,,,,,,,
Eritrea,,,,,,,,,,,,,,,,,,,,,,,,,,,,,,,,,,,,,,,,,,,,,,,,
Spain,31.8,31.8,31.8,31.8,31.8,31.8,31.8,31.8,31.8,31.8,31.8,31.8,31.8,31.8,31.8,31.8,31.8,31.8,31.8,31.8,31.8,31.8,31.8,31.8,31.8,31.8,31.8,31.8,31.8,31.8,31.8,31.8,33.3,32.4,33.5,34.1,34.2,34.9,35.2,35.7,35.4,36.2,36.1,36.2,36.2,36.2,36.2,36.2
Estonia,39.5,39.5,39.5,39.5,39.5,39.5,39.5,39.5,39.5,39.5,39.5,39.5,39.5,39.5,39.5,39.5,39.5,39.5,39.5,39.5,39.5,39.5,39.27012596,39.04025192,38.81037788,38.57987404,38.35,38.12012596,37.89025192,37.65974808,37.42987404,37.2,33.6,33.4,33.7,31.2,31.9,31.4,32,32.5,32.9,35.1,34.6,32.7,32.7,32.7,32.7,32.7
Ethiopia,44.6,44.6,44.6,44.6,44.6,44.6,44.6,44.6,44.6,44.6,44.6,44.6,44.6,44.6,44.6,44.6,44.6,44.6,44.6,44.6,44.6,44.6,44.6,44.6,40.95249829,37.29500342,33.64750171,30,29.96002191,29.91993428,29.87995619,29.83997809,29.8,30.36770073,30.93385036,31.5,32.06614964,32.63385036,33.2,33.55980285,33.9196057,34.2803943,34.64019715,35,35,35,35,35
European Union,,,,,,,,,,,,,,,,,,,,,,,,,,,,,,,,,,,,,,,,,,,,,,,,
Fragile and conflict affected situations,,,,,,,,,,,,,,,,,,,,,,,,,,,,,,,,,,,,,,,,,,,,,,,,
Finland,27.7,27.7,27.7,27.7,27.7,27.7,27.7,27.7,27.7,27.7,27.7,27.7,27.7,27.7,27.7,27.7,27.7,27.7,27.7,27.7,27.7,27.7,27.7,27.7,27.7,27.7,27.7,27.7,27.7,27.7,27.7,27.7,27.9,27.6,28,28.3,27.8,27.5,27.7,27.6,27.1,27.2,26.8,27.1,27.1,27.1,27.1,27.1
Fiji,38.1,38.1,38.1,38.1,38.1,38.1,38.1,38.1,38.1,38.1,38.1,38.1,38.1,38.1,38.1,38.1,38.1,38.1,38.1,38.1,38.1,38.1,38.1,38.1,38.1,38.1,38.1,38.1,38.1,38.1,38.1,38.48315838,38.86631675,39.25052487,39.63368325,40.01684162,40.4,39.65878489,38.91959496,38.18040504,37.44121511,36.7,36.7,36.7,36.7,36.7,36.7,36.7
France,31.4,31.4,31.4,31.4,31.4,31.4,31.4,31.4,31.4,31.4,31.4,31.4,31.4,31.4,31.4,31.4,31.4,31.4,31.4,31.4,31.4,31.4,31.4,31.4,31.4,31.4,31.4,31.4,31.4,31.4,31.4,31.4,30.6,29.8,29.7,32.4,33,32.7,33.7,33.3,33.1,32.5,32.3,32.7,32.7,32.7,32.7,32.7
Faroe Islands,,,,,,,,,,,,,,,,,,,,,,,,,,,,,,,,,,,,,,,,,,,,,,,,
"Micronesia, Fed. Sts.",42.4,42.4,42.4,42.4,42.4,42.4,42.4,42.4,42.4,42.4,42.4,42.4,42.4,42.4,42.4,42.4,42.4,42.4,42.4,42.4,42.4,42.4,42.4,42.4,42.4,42.4,42.4,42.4,42.4,42.4,42.4,42.4,42.4,42.4,42.11269678,41.82539357,41.53809035,41.25,40.96269678,40.67539357,40.38809035,40.1,40.1,40.1,40.1,40.1,40.1,40.1
Gabon,42.2,42.2,42.2,42.2,42.2,42.2,42.2,42.2,42.2,42.2,42.2,42.2,42.2,42.2,42.2,42.2,42.2,42.2,42.2,42.2,42.2,42.2,42.2,42.2,42.2,42.2,42.2,42.2,42.2,42.2,42.2,42.2,42.2,42.2,41.85023956,41.50047912,41.15071869,40.8,40.45023956,40.10047912,39.75071869,39.4,39.05023956,38.70047912,38.35071869,38,38,38
United Kingdom,36,36,36,36,36,36,36,36,36,36,36,36,36,36,36,36,36,36,36,36,36,36,36,36,36,36,36,36,36,36,36,36,36,34.3,34.6,35.7,34.1,34.3,34.4,33.2,32.3,33.2,34,33.2,33.2,33.2,33.2,33.2
Georgia,37.1,37.1,37.1,37.1,37.1,37.1,37.1,37.1,37.1,37.1,37.1,37.1,37.1,37.1,37.1,37.1,37.1,37.1,37.1,37.1,37.1,37.1,37.1,37.1,37.1,40.7,41.3,40.1,40.5,39.6,37.2,36.7,36.2,37.4,36.9,38.1,38.5,38.2,39.5,39.6,39,38.6,37.6,36.5,36.6,37.9,37.9,37.9
Ghana,35.3,35.3,35.3,35.3,35.3,35.3,35.3,35.3,35.3,35.3,35.3,35.3,35.3,35.3,35.3,35.3,36,36.80145985,37.60072993,38.4,38.64266719,38.88599922,39.12866641,39.37133359,39.61400078,39.85733281,40.1,40.48541259,40.87082519,41.2572937,41.6427063,42.02811889,42.41353148,42.8,42.7428795,42.685759,42.6286385,42.5713615,42.514241,42.4571205,42.4,42.67556468,42.95037645,43.22518823,43.5,43.5,43.5,43.5
Gibraltar,,,,,,,,,,,,,,,,,,,,,,,,,,,,,,,,,,,,,,,,,,,,,,,,
Guinea,46.8,46.8,46.8,46.8,46.8,46.8,46.8,46.8,46.8,46.8,46.8,46.8,46.8,46.8,46.8,46.8,46.8,46.8,46.8,46.8,46.56687956,46.33312044,46.1,45.71276523,45.32553046,44.93723477,44.55,44.16276523,43.77553046,43.38723477,43,42.2803943,41.56078861,40.83921139,40.1196057,39.4,38.26062432,37.11812705,35.97875137,34.83937568,33.7,33.7,33.7,33.7,33.7,33.7,33.7,33.7
"Gambia, The",48.5,48.5,48.5,48.5,48.5,48.5,48.5,48.5,48.5,48.5,48.5,48.5,48.5,48.5,48.5,48.5,48.5,48.5,48.5,48.5,48.5,48.5,48.5,48.5,48.5,48.5,48.5,48.26013143,48.02026287,47.77973713,47.53986857,47.3,46.771842,46.242237,45.714079,45.185921,44.657763,44.128158,43.6,42.06084337,40.52168675,38.97831325,37.43915663,35.9,35.9,35.9,35.9,35.9
Guinea-Bissau,43.6,43.6,43.6,43.6,43.6,43.6,43.6,43.6,43.6,43.6,43.6,43.6,43.6,43.6,43.6,43.6,43.6,43.6,43.6,43.6,43.6,43.6,42.71165196,41.82330392,40.93495589,40.04417402,39.15582598,38.26747794,37.37912991,36.48834804,35.6,37.48620808,39.37241615,41.26379192,43.15,45.03620808,46.92241615,48.81379192,50.7,50.7,50.7,50.7,50.7,50.7,50.7,50.7,50.7,50.7
Equatorial Guinea,,,,,,,,,,,,,,,,,,,,,,,,,,,,,,,,,,,,,,,,,,,,,,,,
Greece,32.8,32.8,32.8,32.8,32.8,32.8,32.8,32.8,32.8,32.8,32.8,32.8,32.8,32.8,32.8,32.8,32.8,32.8,32.8,32.8,32.8,32.8,32.8,32.8,32.8,32.8,32.8,32.8,32.8,32.8,32.8,32.8,33.6,34.6,35.1,34,33.6,33.6,34.1,34.8,36.2,36.1,35.8,36,36,36,36,36
Grenada,,,,,,,,,,,,,,,,,,,,,,,,,,,,,,,,,,,,,,,,,,,,,,,,
Greenland,,,,,,,,,,,,,,,,,,,,,,,,,,,,,,,,,,,,,,,,,,,,,,,,
Guatemala,58.3,58.3,58.3,58.3,58.3,58.3,58.3,58.3,58.3,58.3,58.3,58.3,58.3,58.3,58.3,58.73293796,59.16587591,59.6,59.10933532,58.61867065,58.12800597,57.63599701,57.14533234,56.65466766,56.16400299,55.67199403,55.18132935,54.69066468,54.2,54.26678832,54.33339416,54.4,54.46660584,54.53339416,54.6,53.81303901,53.02607803,52.23696099,51.45,50.66303901,49.87607803,49.08696099,48.3,48.3,48.3,48.3,48.3,48.3
Guam,,,,,,,,,,,,,,,,,,,,,,,,,,,,,,,,,,,,,,,,,,,,,,,,
Guyana,44.6,44.6,44.6,44.6,44.6,44.6,44.6,44.6,44.6,44.6,44.6,44.6,44.6,44.6,44.6,44.6,44.6,44.6,44.6,44.6,44.6,44.6,44.6,44.6,44.6,44.6,44.6,44.6,44.6,44.6,44.6,44.6,44.6,44.6,44.6,44.6,44.6,44.6,44.6,44.6,44.6,44.6,44.6,44.6,44.6,44.6,44.6,44.6
High income,,,,,,,,,,,,,,,,,,,,,,,,,,,,,,,,,,,,,,,,,,,,,,,,
"Hong Kong SAR, China",,,,,,,,,,,,,,,,,,,,,,,,,,,,,,,,,,,,,,,,,,,,,,,,
Honduras,59.5,59.5,59.5,59.5,59.5,59.5,59.5,59.5,59.5,59.5,59.5,59.5,59.5,59.5,59.5,59.5,59.5,59.5,57.4,51.9,51.8,53.5,55,55.5,55.7,52.7,57.4,55.4,55.4998632,55.6,55.7,58.1,58.1,59.5,57.5,55.8,55.5,51.3,53.1,56.2,56.1,52.6,50.4,49.6,50,50.5,50.5,50.5
Heavily indebted poor countries (HIPC),,,,,,,,,,,,,,,,,,,,,,,,,,,,,,,,,,,,,,,,,,,,,,,,
Croatia,22.8,22.8,22.8,22.8,22.8,22.8,22.8,22.8,22.8,22.8,22.8,22.8,22.8,22.8,22.8,22.8,22.8,23.26757919,23.73388085,24.20018251,24.66648416,25.13406336,25.60036501,26.06666667,26.53296832,27.00054752,27.46684917,27.93315083,28.39945248,28.86703168,29.33333333,29.79963499,30.26593664,30.73351584,31.19981749,31.66611915,32.13242081,32.6,32.4,32.3,32.5,32,32.1,31.1,31.1,31.1,31.1,31.1
Haiti,41.1,41.1,41.1,41.1,41.1,41.1,41.1,41.1,41.1,41.1,41.1,41.1,41.1,41.1,41.1,41.1,41.1,41.1,41.1,41.1,41.1,41.1,41.1,41.1,41.1,41.1,41.1,41.1,41.1,41.1,41.1,41.1,41.1,41.1,41.1,41.1,41.1,41.1,41.1,41.1,41.1,41.1,41.1,41.1,41.1,41.1,41.1,41.1
Hungary,21,21,21,21,21,21,21,21,21,21,21,21,21,21,21,21,22.99726402,25,25.72450376,26.44900753,27.17351129,27.9,28.08172766,28.26345531,28.44518297,28.62740851,28.80913617,28.99086383,29.17259149,29.35481703,29.53654469,29.71827234,29.9,34.7,28.3,27.9,27.5,27,29.4,29.2,30.8,31.5,30.9,30.4,30.4,30.4,30.4,30.4
IBRD only,,,,,,,,,,,,,,,,,,,,,,,,,,,,,,,,,,,,,,,,,,,,,,,,
IDA & IBRD total,,,,,,,,,,,,,,,,,,,,,,,,,,,,,,,,,,,,,,,,,,,,,,,,
IDA total,,,,,,,,,,,,,,,,,,,,,,,,,,,,,,,,,,,,,,,,,,,,,,,,
IDA blend,,,,,,,,,,,,,,,,,,,,,,,,,,,,,,,,,,,,,,,,,,,,,,,,
Indonesia,32.4,32.4,32.4,32.4,32.4,32.4,32.4,32.4,32.4,32.4,32.4,32.4,32.4,31.79890511,31.19945255,30.6,30.79981752,31.00018248,31.2,31.46642336,31.73284672,32,32.8,33.6,34.4,32.74774282,31.1,31,28.5,29,31.7,31.8,32.7,33,34.2,35.7,35.1,35.1,36.4,39.7,39.6,39.9,39.4,39.7,38.6,38.1,38.1,38.1
IDA only,,,,,,,,,,,,,,,,,,,,,,,,,,,,,,,,,,,,,,,,,,,,,,,,
Isle of Man,,,,,,,,,,,,,,,,,,,,,,,,,,,,,,,,,,,,,,,,,,,,,,,,
India,32.1,32.1,32.1,32.1,32.1,32.1,32.1,32.1,32.1,32.1,32.1,32.1,32.22491444,32.35017112,32.47508556,32.6,32.45013686,32.29986314,32.15,32.00013686,31.85027372,31.7,31.94533234,32.19066468,32.43599701,32.68200149,32.92733383,33.17266617,33.41799851,33.66400299,33.90933532,34.15466766,34.4,34.60032841,34.80010947,34.99989053,35.19967159,35.4,35.55,35.7,35.7,35.7,35.7,35.7,35.7,35.7,35.7,35.7
Not classified,,,,,,,,,,,,,,,,,,,,,,,,,,,,,,,,,,,,,,,,,,,,,,,,
Ireland,32.9,32.9,32.9,32.9,32.9,32.9,32.9,32.9,32.9,32.9,32.9,32.9,32.9,32.9,32.9,32.9,32.9,32.9,32.9,32.9,32.9,32.9,32.9,32.9,32.9,32.9,32.9,32.9,32.9,32.9,32.9,32.9,33.6,33.7,32.7,31.9,30.9,32.7,32.3,32.9,33.2,33.5,31.9,31.8,31.8,31.8,31.8,31.8
"Iran, Islamic Rep.",47.4,47.4,47.4,47.4,47.4,47.4,47.4,47.4,47.4,47.4,47.4,47.4,47.4,47.4,47.4,46.45065024,45.50130048,44.54934976,43.6,43.45010267,43.30020534,43.14989733,43,43.27481177,43.54962355,43.82518823,44.1,44.0286273,43.9572546,43.88568635,43.81431365,43.74294095,43.67156824,43.6,44.8,43.90082117,43.00164234,42.1,40.92580424,39.75160849,38.57741273,37.4,38.8,39.5,40,40,40,40
Iraq,28.6,28.6,28.6,28.6,28.6,28.6,28.6,28.6,28.6,28.6,28.6,28.6,28.6,28.6,28.6,28.6,28.6,28.6,28.6,28.6,28.6,28.6,28.6,28.6,28.6,28.6,28.6,28.6,28.6,28.6,28.6,28.6,28.6,28.6,28.6,28.74993154,28.89986308,29.05020539,29.20013692,29.35006846,29.5,29.5,29.5,29.5,29.5,29.5,29.5,29.5
Iceland,26.8,26.8,26.8,26.8,26.8,26.8,26.8,26.8,26.8,26.8,26.8,26.8,26.8,26.8,26.8,26.8,26.8,26.8,26.8,26.8,26.8,26.8,26.8,26.8,26.8,26.8,26.8,26.8,26.8,26.8,26.8,26.8,28,29,30.2,29.5,31.8,28.7,26.2,26.8,26.8,25.4,27.8,27.8,27.8,27.8,27.8,27.8
Israel,36.3,36.3,36.3,36.3,36.3,36.3,36.3,36.3,36.32854908,36.35717638,36.38572546,36.41427454,36.44282362,36.47145092,36.5,36.3334094,36.1668188,35.99977179,35.8331812,35.6665906,35.5,36.02085386,36.54028462,37.05971538,37.57914614,38.1,38.29986311,38.49972621,38.69958932,38.9,39.59952088,40.29904175,40.99856263,41.7,41.35,41,41.53284672,42.06715328,42.6,42,41.4,40.59890561,39.8,39.35,38.9,38.9,38.9,38.9
Italy,34.9,34.9,34.9,34.9,34.9,34.9,34.9,34.9,34.9,34.9,34.9,34.9,34.9,34.9,34.9,34.9,34.9,34.9,34.9,34.9,34.9,34.9,34.9,34.9,34.9,34.9,34.9,34.9,34.9,34.9,34.9,34.9,34.3,33.8,33.7,32.9,33.8,33.8,34.7,35.1,35.2,34.9,34.7,35.4,35.4,35.4,35.4,35.4
Jamaica,43.2,43.2,43.2,43.2,43.2,43.2,43.2,43.2,43.2,43.2,43.2,43.2,43.2,43.2,43.2,43.2,43.2,42.14856361,41.1,39.30164234,37.50328467,35.7,37.26666667,38.83333333,40.4,41.63558394,42.86779197,44.1,45.49872263,46.90127737,48.3,46.9,45.5,45.5,45.5,45.5,45.5,45.5,45.5,45.5,45.5,45.5,45.5,45.5,45.5,45.5,45.5,45.5
Jordan,36.1,36.1,36.1,36.1,36.1,36.1,36.1,36.1,36.1,36.1,36.1,36.1,36.1,36.1,36.1,37.31611136,38.53222273,39.75166591,40.96777727,42.18388864,43.4,41.99770115,40.59923372,39.20076628,37.80229885,36.4,36.51993428,36.63986857,36.75980285,36.88006572,37,36.22553046,35.45106092,34.67446954,33.9,33.25,32.6,33.15075239,33.7,33.7,33.7,33.7,33.7,33.7,33.7,33.7,33.7,33.7
Japan,32.1,32.1,32.1,32.1,32.1,32.1,32.1,32.1,32.1,32.1,32.1,32.1,32.1,32.1,32.1,32.1,32.1,32.1,32.1,32.1,32.1,32.1,32.1,32.1,32.1,32.1,32.1,32.1,32.1,32.1,32.1,32.1,32.1,32.1,32.1,32.1,32.1,32.1,32.1,32.1,32.1,32.1,32.1,32.1,32.1,32.1,32.1,32.1
Kazakhstan,35.4,35.4,35.4,35.4,35.4,35.4,35.4,35.4,35.4,35.4,35.4,35.4,35.4,35.4,35.4,35.4,35.4,35.4,35.4,35.4,35.4,35.4,35.4,35.4,35.4,35.52019704,35.64006568,35.75993432,35.87980296,36,34.8,33.7,31.8,39.8,30.2,30.1,28.5,28.2,28,28,28.2,27.1,27,26.8,27.2,27.5,27.5,27.5
Kenya,57.5,57.5,57.5,57.5,57.5,57.5,57.5,57.5,57.5,57.5,57.5,57.5,57.5,57.5,57.5,57.5,57.5,57.5,57.5,57.5,57.5,50.29015048,43.1,43.73275547,44.36551095,45,45.18737166,45.37474333,45.56211499,45.75,45.93737166,46.12474333,46.31211499,46.5,45.93031216,45.36062432,44.79093647,44.21968784,43.65,43.08031216,42.51062432,41.93937568,41.36968784,40.8,40.8,40.8,40.8,40.8
Kyrgyz Republic,46.4,46.4,46.4,46.4,46.4,46.4,46.4,46.4,46.4,46.4,46.4,46.4,46.4,46.4,46.4,46.4,46.4,46.4,46.4,46.4,46.4,46.4,46.4,46.4,46.4,46.4,46.4,38.7,31,30.2,30.3,28.7,34.8,32.6,37.4,33.9,31.5,29.9,30.1,27.8,27.4,28.8,26.8,29,26.8,27.3,27.3,27.3
Cambodia,,,,,,,,,,,,,,,,,,,,,,,,,,,,,,,,,,,,,,,,,,,,,,,,
Kiribati,37,37,37,37,37,37,37,37,37,37,37,37,37,37,37,37,37,37,37,37,37,37,37,37,37,37,37,37,37,37,37,37,37,37,37,37,37,37,37,37,37,37,37,37,37,37,37,37
St. Kitts and Nevis,,,,,,,,,,,,,,,,,,,,,,,,,,,,,,,,,,,,,,,,,,,,,,,,
"Korea, Rep.",31.7,31.7,31.7,31.7,31.7,31.7,31.7,31.7,31.7,31.7,31.7,31.7,31.7,31.7,31.7,31.7,31.7,31.7,31.7,31.7,31.7,31.7,31.7,31.7,31.7,31.7,31.7,31.7,31.7,31.7,31.7,31.7,31.7,31.7,31.7,32,32.3,32.1497948,32,31.8,31.6,31.6,31.6,31.6,31.6,31.6,31.6,31.6
Kuwait,,,,,,,,,,,,,,,,,,,,,,,,,,,,,,,,,,,,,,,,,,,,,,,,
Latin America & Caribbean (excluding high income),,,,,,,,,,,,,,,,,,,,,,,,,,,,,,,,,,,,,,,,,,,,,,,,
Lao PDR,34.3,34.3,34.3,34.3,34.3,34.3,34.3,34.3,34.3,34.3,34.3,34.3,34.3,34.3,34.3,34.3,34.3,34.3,34.3,34.3,34.3,34.42019704,34.54006568,34.65993432,34.77980296,34.9,34.44025192,33.98050383,33.52075575,33.05974808,32.6,33.15969332,33.71938664,34.28061336,34.84030668,35.4,35.59989047,35.80032859,36.00021906,36.20010953,36.4,36.4,36.4,36.4,36.4,36.4,36.4,36.4
Lebanon,31.8,31.8,31.8,31.8,31.8,31.8,31.8,31.8,31.8,31.8,31.8,31.8,31.8,31.8,31.8,31.8,31.8,31.8,31.8,31.8,31.8,31.8,31.8,31.8,31.8,31.8,31.8,31.8,31.8,31.8,31.8,31.8,31.8,31.8,31.8,31.8,31.8,31.8,31.8,31.8,31.8,31.8,31.8,31.8,31.8,31.8,31.8,31.8
Liberia,36.5,36.5,36.5,36.5,36.5,36.5,36.5,36.5,36.5,36.5,36.5,36.5,36.5,36.5,36.5,36.5,36.5,36.5,36.5,36.5,36.5,36.5,36.5,36.5,36.5,36.5,36.5,36.5,36.5,36.5,36.5,36.5,36.5,36.5,36.5,36.5,36.02894016,35.55658975,35.08552992,34.61447008,34.14341025,33.67105984,33.2,34.25,35.3,35.3,35.3,35.3
Libya,,,,,,,,,,,,,,,,,,,,,,,,,,,,,,,,,,,,,,,,,,,,,,,,
St. Lucia,42.6,42.6,42.6,42.6,42.6,42.6,42.6,42.6,42.6,42.6,42.6,42.6,42.6,42.6,42.6,42.6,42.6,42.6,42.6,42.6,42.6,42.6,42.6,42.6,43.00925684,43.41963494,43.82889179,44.23814863,44.64740548,45.05778357,45.46704042,45.87629726,46.28555411,46.6959322,47.10518905,47.51444589,47.92370274,48.33408083,48.74333768,49.15259452,49.56185137,49.97222947,50.38148631,50.79074316,51.2,51.2,51.2,51.2
Latin America & Caribbean,,,,,,,,,,,,,,,,,,,,,,,,,,,,,,,,,,,,,,,,,,,,,,,,
Least developed countries: UN classification,,,,,,,,,,,,,,,,,,,,,,,,,,,,,,,,,,,,,,,,,,,,,,,,
Low income,,,,,,,,,,,,,,,,,,,,,,,,,,,,,,,,,,,,,,,,,,,,,,,,
Liechtenstein,,,,,,,,,,,,,,,,,,,,,,,,,,,,,,,,,,,,,,,,,,,,,,,,
Sri Lanka,32.5,32.5,32.5,32.5,32.5,32.5,32.5,32.5,32.5,32.5,32.5,32.5,32.5,32.5,32.48001095,32.46002191,32.44003286,32.41998905,32.4,32.99967141,33.59934283,34.20065717,34.80032859,35.4,36.19937427,37.0009386,37.80031287,38.59968713,39.3990614,40.20062573,41,40.82511978,40.65023956,40.47488022,40.3,39.00118613,37.70237226,36.4,37.33333333,38.26666667,39.2,39.35030801,39.50020534,39.65010267,39.8,39.8,39.8,39.8
Lower middle income,,,,,,,,,,,,,,,,,,,,,,,,,,,,,,,,,,,,,,,,,,,,,,,,
Low & middle income,,,,,,,,,,,,,,,,,,,,,,,,,,,,,,,,,,,,,,,,,,,,,,,,
Lesotho,56,56,56,56,56,56,56,56,56,56,56,56,56,56,56,56.89938398,57.79876797,58.70061602,59.6,60.49938398,61.39876797,62.30061602,63.2,61.75099247,60.30198494,58.84900753,57.4,55.95099247,54.50198494,53.04900753,51.6,51.92477755,52.2495551,52.57522245,52.9,53.22477755,53.5495551,53.87522245,54.2,54.2,54.2,54.2,54.2,54.2,54.2,54.2,54.2,54.2
Late-demographic dividend,,,,,,,,,,,,,,,,,,,,,,,,,,,,,,,,,,,,,,,,,,,,,,,,
Lithuania,33.6,33.6,33.6,33.6,33.6,33.6,33.6,33.6,33.6,33.6,33.6,33.6,33.6,33.6,33.6,33.6,33.6,33.6,33.6,33.6,33.6,33.6,33.90893702,34.21787404,34.52681105,34.83659447,35.14553149,35.45446851,35.76340553,36.07318895,36.38212596,36.69106298,37,35.3,34.4,34.8,35.7,37.2,33.6,32.5,35.1,35.3,37.7,37.4,37.4,37.4,37.4,37.4
Luxembourg,30.2,30.2,30.2,30.2,30.2,30.2,30.2,30.2,30.2,30.2,30.2,30.2,30.2,30.2,30.2,30.2,30.2,30.2,30.2,30.2,30.2,30.2,30.2,30.2,30.2,30.2,30.2,30.2,30.2,30.2,30.2,30.2,30.2,30.8,30.9,31.1,32.6,31.2,30.5,32.1,34.3,32,31.2,33.8,33.8,33.8,33.8,33.8
Latvia,27,27,27,27,27,27,27,27,27,27,27,27,27,27,27,27,27,27,27,27,27,27,29,31,31.6,32.20123203,32.80082136,33.40041068,34,34.60123203,35.20082136,35.80041068,36.4,39,35.6,37.5,37.2,35.9,35,35.8,35.2,35.5,35.1,34.2,34.2,34.2,34.2,34.2
"Macao SAR, China",,,,,,,,,,,,,,,,,,,,,,,,,,,,,,,,,,,,,,,,,,,,,,,,
St. Martin (French part),,,,,,,,,,,,,,,,,,,,,,,,,,,,,,,,,,,,,,,,,,,,,,,,
Morocco,39.2,39.2,39.2,39.2,39.2,39.2,39.2,39.2,39.2,39.2,39.2,39.2,39.2,39.2,39.2,39.2,39.2,39.2,39.2,39.23747433,39.27494867,39.31252567,39.35,39.38747433,39.42494867,39.46252567,39.5,40.05,40.6,40.61669708,40.63334854,40.65,40.66665146,40.68334854,40.7,40.52870551,40.35741103,40.18564724,40.01435276,39.84305827,39.67176379,39.5,39.5,39.5,39.5,39.5,39.5,39.5
Monaco,,,,,,,,,,,,,,,,,,,,,,,,,,,,,,,,,,,,,,,,,,,,,,,,
Moldova,36.9,36.9,36.9,36.9,36.9,36.9,36.9,36.9,36.9,36.9,36.9,36.9,36.9,36.9,36.9,36.9,36.9,36.9,36.9,36.9,36.9,36.9,36.9,36.9,36.9,36.9,39.5,42.6,36.4,38,35.8,34.9,35,36.3,35.4,34.4,34.7,32.9,32.1,30.6,29.2,28.5,26.8,27,26.3,25.9,25.9,25.9
Madagascar,46.8,46.8,46.8,46.8,46.8,46.8,46.8,46.8,46.8,46.68439672,46.56910929,46.45382186,46.33853443,46.22293114,46.10764371,45.99235629,45.87706886,45.76146557,45.64617814,45.53089071,45.41560328,45.3,43.85099247,42.40198494,40.95297741,39.5,39.05,38.6,42.99398085,47.4,45.52628337,43.65256674,41.7788501,39.9,40.39972618,40.89945235,41.39917853,41.90027382,42.4,42.5,42.6,42.6,42.6,42.6,42.6,42.6,42.6,42.6
Maldives,41.3,41.3,41.3,41.3,41.3,41.3,41.3,41.3,41.3,41.3,41.3,41.3,41.3,41.3,41.3,41.3,41.3,41.3,41.3,41.3,41.3,41.3,41.3,41.3,41.3,41.3,41.3,41.3,41.3,41.3,41.3,40.88603833,40.47207665,40.05698084,39.64301916,39.22905749,38.81509582,38.4,38.4,38.4,38.4,38.4,38.4,38.4,38.4,38.4,38.4,38.4
Middle East & North Africa,,,,,,,,,,,,,,,,,,,,,,,,,,,,,,,,,,,,,,,,,,,,,,,,
Mexico,54.3,54.3,54.3,54.3,54.3,54.3,54.3,54.3,54.3,54.3,54.3,54.3,54.3,54.3,54.3,54.3,54.3,54.3,54.1,53.9,53.7,54.0004104,54.3,54.55,54.8,54.09904241,53.4,53,52.6,51.34829001,50.1,50.05,50,50.1,48.9,49.4,49.9,48.54815321,47.2,47.95,48.7,48.7,48.7,48.5,48.3,48.3,48.3,48.3
Marshall Islands,,,,,,,,,,,,,,,,,,,,,,,,,,,,,,,,,,,,,,,,,,,,,,,,
Middle income,,,,,,,,,,,,,,,,,,,,,,,,,,,,,,,,,,,,,,,,,,,,,,,,
North Macedonia,42.8,42.8,42.8,42.8,42.8,42.8,42.8,42.8,42.8,42.8,42.8,42.8,42.8,42.8,42.8,42.8,42.8,42.8,42.8,42.8,42.8,42.8,42.8,42.8,42.8,42.8,42.8,42.8,42.8,42.8,42.8,42.8,42.8,42.8,42.8,42.8,42.8,42.8,40.2,39.4,38.1,36.2,35.2,35.6,35.6,35.6,35.6,35.6
Mali,50.4,50.4,50.4,50.4,50.4,50.4,50.4,50.4,50.4,50.4,50.4,50.4,50.4,50.4,50.4,50.4,50.4,50.4,50.4,50.4,50.4,50.4,50.4,48.90117325,47.4023465,45.89941338,44.40058662,42.90175987,41.40293312,39.9,39.70010953,39.50021906,39.30032859,39.09989047,38.9,36.93512774,34.97025547,33,33,33,33,33,33,33,33,33,33,33
Malta,28,28,28,28,28,28,28,28,28,28,28,28,28,28,28,28,28,28,28,28,28,28,28,28,28,28,28,28,28,28,28,28,28,28,28,29.2,29,30.2,29,29.1,29.4,28.8,29,29.4,29.4,29.4,29.4,29.4
Myanmar,38.1,38.1,38.1,38.1,38.1,38.1,38.1,38.1,38.1,38.1,38.1,38.1,38.1,38.1,38.1,38.1,38.1,38.1,38.1,38.1,38.1,38.1,38.1,38.1,38.1,38.1,38.1,38.1,38.1,38.1,38.1,38.1,38.1,38.1,38.1,38.1,38.1,38.1,38.1,38.1,38.1,38.1,38.1,38.1,38.1,38.1,38.1,38.1
Middle East & North Africa (excluding high income),,,,,,,,,,,,,,,,,,,,,,,,,,,,,,,,,,,,,,,,,,,,,,,,
Montenegro,30.2,30.2,30.2,30.2,30.2,30.2,30.2,30.2,30.2,30.2,30.2,30.2,30.2,30.2,30.2,30.2,30.2,30.2,30.2,30.2,30.2,30.2,30.2,30.2,30.2,30.2,30.2,30.2,30.2,30.2,30.2,30.2,30.2,30.2,30,31.4,30.5,31,28.9,30.8,32.3,32.4,31.9,31.9,31.9,31.9,31.9,31.9
Mongolia,33.2,33.2,33.2,33.2,33.2,33.2,33.2,33.2,33.2,33.2,33.2,33.2,33.2,33.2,33.2,33.2,33.2,33.2,33.2,33.2,33.2,33.2,33.2,33.2,32.23421533,31.26578467,30.3,30.9495551,31.5991102,32.2504449,32.9,33.47968237,34.05936473,34.64063527,35.22031763,35.8,34.90082117,33.99917883,33.1,33.9,33.8,32.89876881,32,32.15,32.3,32.3,32.3,32.3
Northern Mariana Islands,,,,,,,,,,,,,,,,,,,,,,,,,,,,,,,,,,,,,,,,,,,,,,,,
Mozambique,53.6,53.6,53.6,53.6,53.6,53.6,53.6,53.6,53.6,53.6,53.6,53.6,53.6,53.6,53.6,53.6,53.6,53.6,53.6,53.6,53.6,53.6,53.6,53.6,53.6,52.4979927,51.39899635,50.3,49.20100365,48.09899635,47,46.76677316,46.53354633,46.29968051,46.06645367,45.83322684,45.6,47.00255474,48.40127737,49.8,51.19872263,52.60127737,54,54,54,54,54,54
Mauritania,43.9,43.9,43.9,43.9,43.9,43.9,43.9,43.9,43.9,43.9,43.9,43.9,43.9,43.9,43.9,43.9,44.93239051,45.96760949,47,48.03239051,49.06478102,50.1,43.9,37.7,37.95985761,38.22042716,38.48028478,38.74014239,39,39.30061602,39.60041068,39.90020534,40.2,39.07268994,37.94845996,36.82422998,35.7,35.18239051,34.66619526,34.15,33.63380474,33.11619526,32.6,32.6,32.6,32.6,32.6,32.6
Mauritius,35.7,35.7,35.7,35.7,35.7,35.7,35.7,35.7,35.7,35.7,35.7,35.7,35.7,35.7,35.7,35.7,35.7,35.7,35.7,35.7,35.7,35.7,35.7,35.7,35.7,35.7,35.7,35.7,35.7,35.7,35.7,35.7,35.7,35.7,35.7,36.16645367,36.63290735,37.10063898,37.56709265,38.03354633,38.5,38.5,38.5,38.5,38.5,38.5,38.5,38.5
Malawi,65.8,65.8,65.8,65.8,65.8,65.8,65.8,65.8,65.8,65.8,65.8,65.8,65.8,65.8,65.8,65.8,65.8,65.8,65.8,65.8,65.8,65.8,65.8,65.8,65.8,65.8,62.10144757,58.40289515,54.70434272,50.99565728,47.29710485,43.59855243,39.9,40.8350365,41.76751825,42.7,43.63248175,44.56751825,45.5,45.36672752,45.23345504,45.09981743,44.96654496,44.83327248,44.7,44.7,44.7,44.7
Malaysia,48.6,48.6,48.6,48.6,48.6,48.6,48.6,48.6,48.6,48.6,48.6,48.6,48.6,48.06569343,47.53284672,47,46.6005472,46.2,46.7,47.2,47.7,47.96715328,48.23357664,48.5,48.7995896,49.1,48.67159624,48.24319249,47.81478873,47.38521127,46.95680751,46.52840376,46.1,46.1,46.1,46.1,45.5,44.96569343,44.43284672,43.9,42.60177839,41.3,41.15,41,41,41,41,41
North America,,,,,,,,,,,,,,,,,,,,,,,,,,,,,,,,,,,,,,,,,,,,,,,,
Namibia,63.3,63.3,63.3,63.3,63.3,63.3,63.3,63.3,63.3,63.3,63.3,63.3,63.3,63.3,63.3,63.3,63.3,63.3,63.3,63.3,63.3,63.3,63.3,63.3,63.3,63.3,63.3,63.3,63.3,63.3,63.3,63.3,62.91701642,62.53298358,62.15,61.76701642,61.38403285,61,60.68347786,60.36695573,60.05043359,59.73304427,59.41652214,59.1,59.1,59.1,59.1,59.1
New Caledonia,,,,,,,,,,,,,,,,,,,,,,,,,,,,,,,,,,,,,,,,,,,,,,,,
Niger,36.1,36.1,36.1,36.1,36.1,36.1,36.1,36.1,36.1,36.1,36.1,36.1,36.1,36.1,36.1,36.1,36.1,36.1,36.1,36.1,36.1,38.80369357,41.5,41.76343952,42.02687904,42.29104032,42.55447984,42.81791936,43.08135889,43.34552016,43.60895968,43.8723992,44.13583873,44.4,40.85,37.3,35.85099247,34.39801506,32.94900753,31.5,32.43248175,33.36751825,34.3,34.3,34.3,34.3,34.3,34.3
Nigeria,38.7,38.7,38.7,38.7,38.7,38.7,38.7,38.7,38.7,38.7,38.7,38.7,38.7,38.7,39.59964789,40.49929577,41.39894366,42.30105634,43.20070423,44.10035211,45,46.72854209,48.4523614,50.1761807,51.9,50.21098944,48.52659366,46.84219789,45.15780211,43.46879155,41.78439578,40.1,40.58289234,41.06710766,41.55,42.03289234,42.51578467,43,43,43,43,43,43,43,43,43,43,43
Nicaragua,57.4,57.4,57.4,57.4,57.4,57.4,57.4,57.4,57.4,57.4,57.4,57.4,57.4,57.4,57.4,57.4,57.4,57.4,57.4,57.4,57.4,57.4,56.80032859,56.20065717,55.60098576,54.99967141,54.4,53.9004562,53.40091241,52.9,51.87570157,50.85140315,49.82710472,48.8,47.57583847,46.35167693,45.1275154,43.9,44.35974808,44.81949617,45.27924425,45.74025192,46.2,46.2,46.2,46.2,46.2,46.2
Netherlands,29.8,29.8,29.8,29.8,29.8,29.8,29.8,29.8,29.8,29.8,29.8,29.8,29.8,29.8,29.8,29.8,29.8,29.8,29.8,29.8,29.8,29.8,29.8,29.8,29.8,29.8,29.8,29.8,29.8,29.8,29.8,29.8,29.8,29,30,29.6,29.3,27.9,27.8,27.7,27.6,28.1,28.6,28.2,28.2,28.2,28.2,28.2
Norway,27.6,27.6,27.6,27.6,27.6,27.6,27.6,27.6,27.6,27.6,27.6,27.6,27.6,27.6,27.6,27.6,27.6,27.6,27.6,27.6,27.6,27.6,27.6,27.6,27.6,27.6,27.6,27.6,27.6,27.6,27.6,27.6,31.6,30.6,26.4,27.1,27,26.2,25.7,25.3,25.7,26.4,26.8,27.5,27.5,27.5,27.5,27.5
Nepal,35.2,35.2,35.2,35.2,35.2,35.2,35.2,35.2,35.2,35.2,35.2,35.2,35.2,35.2,35.2,35.2,35.2,35.2,35.2,35.2,35.2,35.2,35.2,35.2,36.2742642,37.35147159,38.4257358,39.5,40.5742642,41.65147159,42.7257358,43.8,42.22980055,40.65529918,39.08509973,37.51490027,35.94470082,34.37019945,32.8,32.8,32.8,32.8,32.8,32.8,32.8,32.8,32.8,32.8
Nauru,,,,,,,,,,,,,,,,,,,,,,,,,,,,,,,,,,,,,,,,,,,,,,,,
New Zealand,,,,,,,,,,,,,,,,,,,,,,,,,,,,,,,,,,,,,,,,,,,,,,,,
OECD members,,,,,,,,,,,,,,,,,,,,,,,,,,,,,,,,,,,,,,,,,,,,,,,,
Oman,,,,,,,,,,,,,,,,,,,,,,,,,,,,,,,,,,,,,,,,,,,,,,,,
Other small states,,,,,,,,,,,,,,,,,,,,,,,,,,,,,,,,,,,,,,,,,,,,,,,,
Pakistan,33.3,33.3,33.3,33.3,33.3,33.3,33.3,33.3,33.3,33.3,33.3,33.3,33.3,33.3,33.3,33.3,33.26669708,33.23330292,33.2,32.45034231,31.70068462,30.94897307,30.19931538,29.44965769,28.7,30.90300958,33.1,32.20082117,31.30164234,30.4,31.1,31.8,32.5,32.7,32.15,31.6,31.00054745,30.39945255,29.8,30.9,30.8001368,30.7,32.1,33.5,33.5,33.5,33.5,33.5
Panama,48.7,48.7,48.7,48.7,48.7,48.7,48.7,48.7,49.71916233,50.74111689,51.76027922,52.77944155,53.79860389,54.82055845,55.83972078,56.85888311,57.87804544,58.9,58.55,58.2,58.10006845,57.99986311,57.89993155,57.8,57.9997264,58.2,57.5,56.5,56.8,56.9,56.2,55.8,54.8,53.8,54.6,52.7,52.7,51.8,51.6,51.3,51.7,51.5,50.5,50.8,50.4,49.9,49.9,49.9
Peru,53.7,53.7,53.7,53.7,53.7,53.7,53.7,53.7,53.7,53.7,53.7,53.7,53.7,53.7,53.7,53.7,53.7,53.7,53.7,53.7,53.7,53.7,53.7,53.7,53.7,53.7,56.1,56.3,49.1,51.3,53.6,53.1,49.9,50.4,50.3,50,47.5,47,45.5,44.7,44.4,43.9,43.2,43.4,43.6,43.3,43.3,43.3
Philippines,47.7,47.7,47.7,47.7,47.7,47.7,47.7,47.7,47.7,47.7,47.7,47.7,47.7,47.7,47.7,47.7,47.7,47.7,47.7,47.7,47.7,47.7,47.7,47.7,47.7,47.7,47.7,47.7,47.7,47.33266423,46.96633212,46.6,46.79981752,47.00018248,47.2,46.90027372,46.60054745,46.3,46.36666667,46.43333333,46.5,45.79872263,45.09936131,44.4,44.4,44.4,44.4,44.4
Palau,,,,,,,,,,,,,,,,,,,,,,,,,,,,,,,,,,,,,,,,,,,,,,,,
Papua New Guinea,55.4,55.4,55.4,55.4,55.4,55.4,55.4,55.4,55.4,55.4,55.4,55.4,55.4,55.4,55.4,55.4,55.4,55.4,55.4,55.4,55.4,55.4,55.4,55.4,55.4,54.35957044,53.32198358,52.28439672,51.24680985,50.20638029,49.16879343,48.13120657,47.09361971,46.05319015,45.01560328,43.97801642,42.94042956,41.9,41.9,41.9,41.9,41.9,41.9,41.9,41.9,41.9,41.9,41.9
Poland,25.2,25.2,25.2,25.2,25.2,25.2,25.2,25.2,25.2,25.2,25.2,25.2,25.2,25.2,25.35,25.5,26.19904241,26.9,27.63959474,28.37918949,29.11878423,29.86040526,30.6,31.33959474,32.07918949,32.82081051,33.56040526,34.3,35.03959474,35.78121577,36.52081051,37.26040526,38,35.8,34.7,34,33.5,33.4,33.2,33.2,33,33.1,32.8,31.8,31.8,31.8,31.8,31.8
Pre-demographic dividend,,,,,,,,,,,,,,,,,,,,,,,,,,,,,,,,,,,,,,,,,,,,,,,,
Puerto Rico,,,,,,,,,,,,,,,,,,,,,,,,,,,,,,,,,,,,,,,,,,,,,,,,
"Korea, Dem. People’s Rep.",,,,,,,,,,,,,,,,,,,,,,,,,,,,,,,,,,,,,,,,,,,,,,,,
Portugal,38.7,38.7,38.7,38.7,38.7,38.7,38.7,38.7,38.7,38.7,38.7,38.7,38.7,38.7,38.7,38.7,38.7,38.7,38.7,38.7,38.7,38.7,38.7,38.7,38.7,38.7,38.7,38.7,38.7,38.7,38.7,38.7,38.9,38.5,38.1,36.7,36.6,34.9,35.8,36.3,36,36.2,35.6,35.5,35.5,35.5,35.5,35.5
Paraguay,40.8,40.8,40.8,40.8,40.8,40.8,40.8,40.8,40.8,40.8,40.8,40.8,40.8,40.8,40.8,40.8,40.8,40.8,40.8,44.27809419,47.75618839,51.24381161,54.72190581,58.2,56.55225718,54.9,54.75,54.6,54.6,54.6,57.3,54.9,52.3,51.4,53,53,50.7,49.1,51,52.3,47.6,47.9,50.7,47.6,47.9,48.8,48.8,48.8
West Bank and Gaza,34,34,34,34,34,34,34,34,34,34,34,34,34,34,34,34,34,34,34,34,34,34,34,34,34,34,34,34,34,34,34,34,34,34.7,34,35.6,35.05075239,34.5,35.3,34.4,34.26007667,34.11976999,33.97984666,33.83992333,33.7,33.7,33.7,33.7
Pacific island small states,,,,,,,,,,,,,,,,,,,,,,,,,,,,,,,,,,,,,,,,,,,,,,,,
Post-demographic dividend,,,,,,,,,,,,,,,,,,,,,,,,,,,,,,,,,,,,,,,,,,,,,,,,
French Polynesia,,,,,,,,,,,,,,,,,,,,,,,,,,,,,,,,,,,,,,,,,,,,,,,,
Qatar,,,,,,,,,,,,,,,,,,,,,,,,,,,,,,,,,,,,,,,,,,,,,,,,
Romania,23.3,23.3,23.3,23.3,23.3,23.3,23.3,23.3,23.3,23.3,23.3,23.3,23.3,23.3,23.3,23.3,23.3,23.3,24.03333333,24.76666667,25.5,26.85184679,28.2,29.14934976,30.09869952,31.05065024,32,32.94934976,33.89869952,34.85065024,35.8,36.74934976,37.69869952,38.65065024,39.6,37.5,36.4,35.6,35.5,35.9,36.5,36.9,36,35.9,35.9,35.9,35.9,35.9
Russian Federation,48.4,48.4,48.4,48.4,48.4,48.4,48.4,48.4,48.4,48.4,48.4,48.4,48.4,48.4,48.4,48.4,48.4,48.4,48.4,48.4,48.4,48.4,47.63333333,46.86666667,46.1,38.4,38.1,37.4,37.1,36.9,37.3,40,40.3,41.3,41,42.3,41.6,39.8,39.5,39.7,40.7,40.9,39.9,37.7,37.7,37.7,37.7,37.7
Rwanda,28.9,28.9,28.9,28.9,28.9,28.9,28.9,28.9,28.9,28.9,28.9,28.9,28.9,30.1275154,31.35167693,32.57583847,33.8,35.0275154,36.25167693,37.47583847,38.7,39.9275154,41.15167693,42.37583847,43.6,44.8275154,46.05167693,47.27583847,48.5,49.20114943,49.90038314,50.59961686,51.29885057,52,51.04052574,50.08105148,49.12157722,48.15947426,47.2,46.50063869,45.80127737,45.1,44.63333333,44.16666667,43.7,43.7,43.7,43.7
South Asia,,,,,,,,,,,,,,,,,,,,,,,,,,,,,,,,,,,,,,,,,,,,,,,,
Saudi Arabia,,,,,,,,,,,,,,,,,,,,,,,,,,,,,,,,,,,,,,,,,,,,,,,,
Sudan,35.4,35.4,35.4,35.4,35.4,35.4,35.4,35.4,35.4,35.4,35.4,35.4,35.4,35.4,35.4,35.4,35.4,35.4,35.4,35.4,35.4,35.4,35.4,35.4,35.4,35.4,35.4,35.4,35.4,35.4,35.4,35.4,35.4,35.4,35.4,35.4,35.4,35.4,35.4,35.4,35.4,35.4,35.4,35.4,35.4,35.4,35.4,35.4
Senegal,54.1,54.1,54.1,54.1,54.1,54.1,54.1,54.1,54.1,54.1,54.1,54.1,54.1,54.1,54.1,54.1,54.1,54.1,54.1,54.1,49.8705292,45.6294708,41.4,41.37145092,41.34290184,41.31427454,41.28572546,41.25717638,41.2286273,41.2,40.70034223,40.20068446,39.70102669,39.2,39.38324966,39.56649932,39.74974897,39.93350068,40.11675034,40.3,40.3,40.3,40.3,40.3,40.3,40.3,40.3,40.3
Singapore,,,,,,,,,,,,,,,,,,,,,,,,,,,,,,,,,,,,,,,,,,,,,,,,
Solomon Islands,46.1,46.1,46.1,46.1,46.1,46.1,46.1,46.1,46.1,46.1,46.1,46.1,46.1,46.1,46.1,46.1,46.1,46.1,46.1,46.1,46.1,46.1,46.1,46.1,46.1,46.1,46.1,46.1,46.1,46.1,46.1,46.1,46.1,46.1,44.97577002,43.85154004,42.72731006,41.6,40.47577002,39.35154004,38.22731006,37.1,37.1,37.1,37.1,37.1,37.1,37.1
Sierra Leone,40.2,40.2,40.2,40.2,40.2,40.2,40.2,40.2,40.2,40.2,40.2,40.2,40.2,40.2,40.2,40.2,40.2,40.2,40.2,40.2,40.2,40.2,40.2,40.2,40.2,40.2,40.2,40.2,40.2,40.2,40.2,40.2,39.42553046,38.64893908,37.87446954,37.1,36.32553046,35.54893908,34.77446954,34,34,34,34,34,34,34,34,34
El Salvador,54,54,54,54,54,54,54,54,54,54,54,54,54,54,54,54,54,54,54,54,52.97570157,51.94859685,50.92429843,49.9,51,52.75239398,54.5,52.2,51.5,51.4,51.9,50.4,47.8,48.5,45.7,45.2,46.9,45.8,43.5,42.3,41.8,43.4,41.6,40.6,40,38,38,38
San Marino,,,,,,,,,,,,,,,,,,,,,,,,,,,,,,,,,,,,,,,,,,,,,,,,
Somalia,,,,,,,,,,,,,,,,,,,,,,,,,,,,,,,,,,,,,,,,,,,,,,,,
Serbia,39.8,39.8,39.8,39.8,39.8,39.8,39.8,39.8,39.8,39.8,39.8,39.8,39.8,39.8,39.8,39.8,39.8,39.8,39.8,39.8,39.8,39.8,39.8,39.8,39.8,39.8,39.8,39.8,39.8,39.8,39.8,39.8,39.8,39.8,39.8,39.8,39.8,39.8,39.8,39.8,39.8,39.8,39.2,39.6,39.6,39.6,39.6,39.6
Sub-Saharan Africa (excluding high income),,,,,,,,,,,,,,,,,,,,,,,,,,,,,,,,,,,,,,,,,,,,,,,,
South Sudan,46.3,46.3,46.3,46.3,46.3,46.3,46.3,46.3,46.3,46.3,46.3,46.3,46.3,46.3,46.3,46.3,46.3,46.3,46.3,46.3,46.3,46.3,46.3,46.3,46.3,46.3,46.3,46.3,46.3,46.3,46.3,46.3,46.3,46.3,46.3,46.3,46.3,46.3,46.3,46.3,46.3,46.3,46.3,46.3,46.3,46.3,46.3,46.3
Sub-Saharan Africa,,,,,,,,,,,,,,,,,,,,,,,,,,,,,,,,,,,,,,,,,,,,,,,,
Small states,,,,,,,,,,,,,,,,,,,,,,,,,,,,,,,,,,,,,,,,,,,,,,,,
Sao Tome and Principe,32.1,32.1,32.1,32.1,32.1,32.1,32.1,32.1,32.1,32.1,32.1,32.1,32.1,32.1,32.1,32.1,32.1,32.1,32.1,32.1,32.1,32.1,32.1,32.1,32.1,32.1,32.1,32.1,32.1,31.96975089,31.83985765,31.70996441,31.58007117,31.44982206,31.31992883,31.19003559,31.06014235,30.92989324,30.8,30.8,30.8,30.8,30.8,30.8,30.8,30.8,30.8,30.8
Suriname,57.6,57.6,57.6,57.6,57.6,57.6,57.6,57.6,57.6,57.6,57.6,57.6,57.6,57.6,57.6,57.6,57.6,57.6,57.6,57.6,57.6,57.6,57.6,57.6,57.6,57.6,57.6,57.6,57.6,57.6,57.6,57.6,57.6,57.6,57.6,57.6,57.6,57.6,57.6,57.6,57.6,57.6,57.6,57.6,57.6,57.6,57.6,57.6
Slovak Republic,25.8,25.8,25.8,25.8,25.8,25.8,25.8,25.8,25.8,25.8,25.8,25.8,25.8,25.8,25.8,25.8,25.8,25.8,25.8,25.8,25.8,25.8,25.8,25.8,25.8,25.96283368,26.12522245,26.28761123,26.45,26.61283368,26.77522245,26.93761123,27.1,29.3,25.8,24.7,26,27.2,27.3,26.5,26.1,28.1,26.1,26.5,26.5,26.5,26.5,26.5
Slovenia,29.2,29.2,29.2,29.2,29.2,29.2,29.2,29.2,29.2,29.2,29.2,29.2,29.2,29.2,29.2,29.2,29.2,29.2,29.2,29.2,29.2,29.2,28.80019915,28.40039831,28.00059746,27.59970127,27.19990042,26.80009958,26.40029873,25.99940254,25.59960169,25.19980085,24.8,24.6,24.4,24.4,23.7,24.8,24.9,24.9,25.6,26.2,25.7,25.4,25.4,25.4,25.4,25.4
Sweden,25.3,25.3,25.3,25.3,25.3,25.3,25.3,25.3,25.3,25.3,25.3,25.3,25.3,25.3,25.3,25.3,25.3,25.3,25.3,25.3,25.3,25.3,25.3,25.3,25.3,25.3,25.3,25.3,25.3,25.3,25.3,25.3,26.1,26.8,26.4,27.1,28.1,27.3,27.7,27.6,27.6,28.8,28.4,29.2,29.2,29.2,29.2,29.2
Eswatini,60.5,60.5,60.5,60.5,60.5,60.5,60.5,60.5,60.5,60.5,60.5,60.5,60.5,60.5,60.5,60.5,60.5,60.5,60.5,60.5,60.5,60.5,60.5,59.26722958,58.03445915,56.79831127,55.56554085,54.33277042,53.1,52.92189781,52.74428224,52.56666667,52.38905109,52.21094891,52.03333333,51.85571776,51.67810219,51.5,51.5,51.5,51.5,51.5,51.5,51.5,51.5,51.5,51.5,51.5
Sint Maarten (Dutch part),,,,,,,,,,,,,,,,,,,,,,,,,,,,,,,,,,,,,,,,,,,,,,,,
Seychelles,46.8,46.8,46.8,46.8,46.8,46.8,46.8,46.8,46.8,46.8,46.8,46.8,46.8,46.8,46.8,46.8,46.8,46.8,46.8,46.8,46.8,46.8,46.8,46.8,46.8,46.8,46.8,46.8,46.8,46.8,46.8,46.8,46.8,46.8,46.8,46.8,46.8,46.8,46.8,46.8,46.8,46.8,46.8,46.8,46.8,46.8,46.8,46.8
Syrian Arab Republic,35.8,35.8,35.8,35.8,35.8,35.8,35.8,35.8,35.8,35.8,35.8,35.8,35.8,35.8,35.8,35.8,35.8,35.8,35.8,35.8,35.8,35.8,35.8,35.8,35.8,35.8,35.8,35.8,35.8,35.8,35.8,35.8,35.8,35.8,35.8,35.8,35.8,35.8,35.8,35.8,35.8,35.8,35.8,35.8,35.8,35.8,35.8,35.8
Turks and Caicos Islands,,,,,,,,,,,,,,,,,,,,,,,,,,,,,,,,,,,,,,,,,,,,,,,,
Chad,39.8,39.8,39.8,39.8,39.8,39.8,39.8,39.8,39.8,39.8,39.8,39.8,39.8,39.8,39.8,39.8,39.8,39.8,39.8,39.8,39.8,39.8,39.8,39.8,39.8,39.8,39.8,39.8,39.8,39.8,39.8,39.8,40.23720055,40.6755989,41.11279945,41.55,41.98720055,42.4255989,42.86279945,43.3,43.3,43.3,43.3,43.3,43.3,43.3,43.3,43.3
East Asia & Pacific (IDA & IBRD countries),,,,,,,,,,,,,,,,,,,,,,,,,,,,,,,,,,,,,,,,,,,,,,,,
Europe & Central Asia (IDA & IBRD countries),,,,,,,,,,,,,,,,,,,,,,,,,,,,,,,,,,,,,,,,,,,,,,,,
Togo,42.2,42.2,42.2,42.2,42.2,42.2,42.2,42.2,42.2,42.2,42.2,42.2,42.2,42.2,42.2,42.2,42.2,42.2,42.2,42.2,42.2,42.2,42.2,42.2,42.2,42.2,42.2,42.2,42.2,42.2,42.2,42.2,42.2,42.2,42.2,42.95958379,43.71916758,44.48083242,45.24041621,46,45.27549624,44.54900753,43.82450376,43.1,43.1,43.1,43.1,43.1
Thailand,45.2,45.2,45.2,45.2,45.2,45.2,45.2,45.2,45.2,45.2,45.00007825,44.80015649,44.60023474,44.39976526,44.19984351,43.99992175,43.8,44.55102599,45.3,46.6,47.9,45.69699042,43.5,43.2,42.9,42.19904241,41.5,43.1,42.8,42.3493844,41.9,42.2,42.5,42.1495212,41.8,39.8,40.3,39.6,39.4,37.5,39.3,37.8,37,36,36.9,36.5,36.5,36.5
Tajikistan,29.5,29.5,29.5,29.5,29.5,29.5,29.5,29.5,29.5,29.5,29.5,29.5,29.5,29.5,29.5,29.5,29.5,29.5,29.5,29.5,29.5,29.5,29.5,29.5,29.5,29.5,29.5,29.5,30.29945243,31.10109514,31.90054757,32.7,33.6,33.13248175,32.66624088,32.2,31.50095759,30.8,31.33308991,31.86617983,32.39926974,32.93382017,33.46691009,34,34,34,34,34
Turkmenistan,40.8,40.8,40.8,40.8,40.8,40.8,40.8,40.8,40.8,40.8,40.8,40.8,40.8,40.8,40.8,40.8,40.8,40.8,40.8,40.8,40.8,40.8,40.8,40.8,40.8,40.8,40.8,40.8,40.8,40.8,40.8,40.8,40.8,40.8,40.8,40.8,40.8,40.8,40.8,40.8,40.8,40.8,40.8,40.8,40.8,40.8,40.8,40.8
Latin America & the Caribbean (IDA & IBRD countries),,,,,,,,,,,,,,,,,,,,,,,,,,,,,,,,,,,,,,,,,,,,,,,,
Timor-Leste,35.9,35.9,35.9,35.9,35.9,35.9,35.9,35.9,35.9,35.9,35.9,35.9,35.9,35.9,35.9,35.9,35.9,35.9,35.9,35.9,35.9,35.9,35.9,35.9,35.9,35.9,35.9,35.9,35.9,35.9,34.55061616,33.20123231,31.85184847,30.49876769,29.14938384,27.8,27.92847086,28.0572937,28.18576457,28.31423543,28.4427063,28.57152914,28.7,28.7,28.7,28.7,28.7,28.7
Middle East & North Africa (IDA & IBRD countries),,,,,,,,,,,,,,,,,,,,,,,,,,,,,,,,,,,,,,,,,,,,,,,,
Tonga,37.7,37.7,37.7,37.7,37.7,37.7,37.7,37.7,37.7,37.7,37.7,37.7,37.7,37.7,37.7,37.7,37.7,37.7,37.7,37.7,37.7,37.7,37.7,37.7,37.7,37.7,37.7,37.7,37.7,37.7,37.67501711,37.65003422,37.62505133,37.6,37.57501711,37.55003422,37.52505133,37.5,37.51665906,37.53331812,37.54997718,37.56668188,37.58334094,37.6,37.6,37.6,37.6,37.6
South Asia (IDA & IBRD),,,,,,,,,,,,,,,,,,,,,,,,,,,,,,,,,,,,,,,,,,,,,,,,
Sub-Saharan Africa (IDA & IBRD countries),,,,,,,,,,,,,,,,,,,,,,,,,,,,,,,,,,,,,,,,,,,,,,,,
Trinidad and Tobago,42.6,42.6,42.6,42.6,42.6,42.6,42.6,42.6,42.6,42.6,42.6,42.6,42.6,42.6,42.6,42.6,42.6,42.0238193,41.44921287,40.87460643,40.3,40.3,40.3,40.3,40.3,40.3,40.3,40.3,40.3,40.3,40.3,40.3,40.3,40.3,40.3,40.3,40.3,40.3,40.3,40.3,40.3,40.3,40.3,40.3,40.3,40.3,40.3,40.3
Tunisia,43.4,43.4,43.4,43.4,43.4,43.4,43.4,43.4,43.4,43.4,43.4,43.4,43.4,43.4,42.76035049,42.12070099,41.48105148,40.83964951,40.2,40.49983571,40.79967141,41.10032859,41.40016429,41.7,41.52009858,41.33970427,41.15980285,40.97990142,40.8,40.17898194,39.55966065,38.94033935,38.32101806,37.7,37.32020811,36.94041621,36.56062432,36.17979189,35.8,35.20032859,34.60065717,33.99934283,33.39967141,32.8,32.8,32.8,32.8,32.8
Turkey,43.5,43.5,43.5,43.5,43.5,43.5,43.5,43.5,43.5,43.5,43.5,43.5,43.5,43.5,43.5,43.5,43.18596011,42.87105984,42.55701995,42.24298005,41.92894016,41.61403989,41.3,41.31249144,41.32498289,41.33750856,41.35,41.36249144,41.37498289,41.38750856,41.4,42.2,41.3,42.6,39.6,38.4,39,39,38.8,40,40.2,40.2,41.2,42.9,41.9,41.9,41.9,41.9
Tuvalu,39.1,39.1,39.1,39.1,39.1,39.1,39.1,39.1,39.1,39.1,39.1,39.1,39.1,39.1,39.1,39.1,39.1,39.1,39.1,39.1,39.1,39.1,39.1,39.1,39.1,39.1,39.1,39.1,39.1,39.1,39.1,39.1,39.1,39.1,39.1,39.1,39.1,39.1,39.1,39.1,39.1,39.1,39.1,39.1,39.1,39.1,39.1,39.1
Tanzania,35.3,35.3,35.3,35.3,35.3,35.3,35.3,35.3,35.3,35.3,35.3,35.3,35.3,35.3,35.3,35.3,35.3,35.3,35.3,35.3,35.52208701,35.74478248,35.96686949,36.1889565,36.4110435,36.63373897,36.85582598,37.07791299,37.3,37.72940946,38.15764568,38.58588189,39.01411811,39.44352757,39.87176379,40.3,39.67542779,39.04914442,38.42457221,37.8,37.8,37.8,37.8,37.8,37.8,37.8,37.8,37.8
Uganda,44.4,44.4,44.4,44.4,44.4,44.4,44.4,44.4,44.4,44.4,44.4,44.4,44.4,44.4,44.4,44.4,44.4,44.4,43.4,42.4,41.4,40.79876797,40.19917864,39.59958932,39,40.33576642,41.66788321,43,43.73266423,44.46733577,45.2,44.43403285,43.66806569,42.9,43.22477755,43.5495551,43.87433265,44.2,43.13333333,42.06666667,41,41.45092402,41.90061602,42.35030801,42.8,42.8,42.8,42.8
Ukraine,29.7,29.7,29.7,29.7,29.7,29.7,29.7,29.7,29.7,29.7,29.7,29.7,29.7,29.7,29.7,29.7,29.7,29.7,29.7,29.7,29.7,28.9,34.1,39.3,35.2,34.16478102,33.13239051,32.1,31.06760949,30.03239051,29,28.7,28.9,29,29.8,27,26.6,25.3,24.8,24.6,24.7,24.6,24,25.5,25,25,25,25
Upper middle income,,,,,,,,,,,,,,,,,,,,,,,,,,,,,,,,,,,,,,,,,,,,,,,,
Uruguay,43.6,43.6,43.6,43.6,43.6,43.6,43.6,43.6,43.6,43.6,43.45010267,43.30020534,43.15030801,43,42.85010267,42.70020534,42.55030801,42.4,42.60574972,42.81149944,43.01724915,43.22356257,43.42931229,43.63506201,43.84081172,44.04712514,44.25287486,44.45862458,44.6643743,44.87068771,45.07643743,45.28218715,45.48793687,45.69425028,45.9,46.4,45.1,45.6,44.5,42.2,39.9,40.5,40.1,40.2,39.7,39.5,39.5,39.5
United States,34.6,34.6,34.6,34.6,34.6,34.6,34.6,34.6,35.01396167,35.42905749,35.84301916,36.25698084,36.67094251,37.08603833,37.5,37.63992333,37.77984666,37.92015334,38.06007667,38.2,38.86605839,39.53394161,40.2,40.39981752,40.59963504,40.8,40.66666667,40.53333333,40.4,40.42505133,40.45003422,40.47501711,40.5,40.70036496,40.90018248,41.1,40.86687956,40.63312044,40.4,40.59981752,40.79963504,41,41.16666667,41.33333333,41.5,41.5,41.5,41.5
Uzbekistan,44.7,44.7,44.7,44.7,44.7,44.7,44.7,44.7,44.7,44.7,44.7,44.7,44.7,44.7,44.7,44.7,44.7,44.7,44.7,44.7,44.7,44.7,44.7,44.7,44.7,44.7,44.7,40.4,36.1,34.54787962,33,35.3,35.3,35.3,35.3,35.3,35.3,35.3,35.3,35.3,35.3,35.3,35.3,35.3,35.3,35.3,35.3,35.3
St. Vincent and the Grenadines,,,,,,,,,,,,,,,,,,,,,,,,,,,,,,,,,,,,,,,,,,,,,,,,
"Venezuela, RB",55.6,55.6,55.6,55.6,55.6,55.6,55.6,55.6,55.6,55.6,55.23350068,54.86700137,54.50050205,54.13299863,53.76649932,53.4,49.35554036,45.3,44.36666667,43.43333333,42.5,44.26989051,46.03494526,47.8,48.46605839,49.13394161,49.8,48.3,48.2500684,48.2,50.6,50.4,49.8,52.4,46.9,46.9,46.9,46.9,46.9,46.9,46.9,46.9,46.9,46.9,46.9,46.9,46.9,46.9
British Virgin Islands,,,,,,,,,,,,,,,,,,,,,,,,,,,,,,,,,,,,,,,,,,,,,,,,
Virgin Islands (U.S.),,,,,,,,,,,,,,,,,,,,,,,,,,,,,,,,,,,,,,,,,,,,,,,,
Vietnam,35.7,35.7,35.7,35.7,35.7,35.7,35.7,35.7,35.7,35.7,35.7,35.7,35.7,35.7,35.7,35.7,35.7,35.7,35.7,35.7,35.7,35.64990876,35.59995438,35.55,35.50004562,35.44995438,35.4,35.79972621,36.19945243,36.60027379,37,36.9,36.8,36.29931601,35.8,35.7,35.6,37.45253078,39.3,37.45,35.6,35.1994528,34.8,35.05,35.3,35.3,35.3,35.3
Vanuatu,37.6,37.6,37.6,37.6,37.6,37.6,37.6,37.6,37.6,37.6,37.6,37.6,37.6,37.6,37.6,37.6,37.6,37.6,37.6,37.6,37.6,37.6,37.6,37.6,37.6,37.6,37.6,37.6,37.6,37.6,37.6,37.6,37.6,37.6,37.6,37.6,37.6,37.6,37.6,37.6,37.6,37.6,37.6,37.6,37.6,37.6,37.6,37.6
World,,,,,,,,,,,,,,,,,,,,,,,,,,,,,,,,,,,,,,,,,,,,,,,,
Samoa,40.7,40.7,40.7,40.7,40.7,40.7,40.7,40.7,40.7,40.7,40.7,40.7,40.7,40.7,40.7,40.7,40.7,40.7,40.7,40.7,40.7,40.7,40.7,40.7,40.7,40.7,40.7,40.7,40.7,40.7,40.7,40.91656778,41.13313555,41.35029667,41.56686445,41.78343222,42,41.33891626,40.67963875,40.02036125,39.36108374,38.7,38.7,38.7,38.7,38.7,38.7,38.7
Kosovo,29,29,29,29,29,29,29,29,29,29,29,29,29,29,29,29,29,29,29,29,29,29,29,29,29,29,29,29,29,29,29,29,30.09849521,31.2,30.3,30.7995438,31.29908759,31.8,33.3,27.8,29,26.3,27.3,26.5,26.7,29,29,29
"Yemen, Rep.",35,35,35,35,35,35,35,35,35,35,35,35,35,35,35,35,35,35,35,35,35,35,35,35,35,35,35,34.95717638,34.91435276,34.87141181,34.82858819,34.78576457,34.74294095,34.7,34.92208701,35.14417402,35.36626103,35.5889565,35.8110435,36.03313051,36.25521752,36.47791299,36.7,36.7,36.7,36.7,36.7,36.7
South Africa,59.3,59.3,59.3,59.3,59.3,59.3,59.3,59.3,59.3,59.3,59.3,59.3,59.3,59.3,59.3,59.3,59.3,59.3,59.3,59.3,59.3,59.3,59.76666667,60.23333333,60.7,59.97351129,59.24900753,58.52450376,57.8,59.20229885,60.60076628,61.99923372,63.39770115,64.8,64.2,63.6,63,63.2002736,63.4,63.30006845,63.20013689,63.09993155,63,63,63,63,63,63
Zambia,60.5,60.5,60.5,60.5,60.5,60.5,60.5,60.5,60.5,60.5,60.5,60.5,60.5,60.5,60.5,60.5,60.5,60.5,60.5,60.5,56.55540356,52.6,51.16666667,49.73333333,48.3,48.7005472,49.1,47.35119781,45.60239562,43.84880219,42.1,48.2,54.3,54.4502052,54.6,54.84982888,55.09965777,55.35017112,55.6,55.89983571,56.19967141,56.50032859,56.80016429,57.1,57.1,57.1,57.1,57.1
Zimbabwe,43.2,43.2,43.2,43.2,43.2,43.2,43.2,43.2,43.2,43.2,43.2,43.2,43.2,43.2,43.2,43.2,43.2,43.2,43.2,43.2,43.2,43.2,43.2,43.2,43.2,43.2,43.2,43.2,43.2,43.2,43.2,43.2,43.2,43.2,43.2,43.2,43.2,43.2,43.2,43.2,43.2,43.2,43.2,43.2,43.2,43.2,43.2,43.2
