NS_code_from_gini,Nation_State,T_HDI_Mean_plus_5,T_HDI_Trend_plus_5,T_State_Fail_yr_1,T_State_Fail_plus_5,T_State_Fail_yr_5,year0,CWGI_Poli_Stabl_Mean_minus_4,CWGI_Poli_Stabl_Trend_minus_4,CWGI_RoL_Mean_minus_4,CWGI_RoL_Trend_minus_4,E_GINI_Mean_minus_4,E_GINI_Trend_minus_4,PCPI_std_Mean_minus_4,PCPI_std_Trend_minus_4,PWGI_Corrupt_Ctrl_Mean_minus_4,PWGI_Corrupt_Ctrl_Trend_minus_4,PWGI_Voice_Acct_Mean_minus_4,PWGI_Voice_Acct_Trend_minus_4
AFG,Afghanistan,,,,,,2019,-2.442919557,0.000182993,-1.802838307,-0.001501448,31.86551916,0.278589782,-1.541378518,-0.030285307,-1.300073028,0.024895015,-0.961993136,0.045335857
ALB,Albania,,,,,,2019,0.191687116,0.042261654,-0.263404225,0.044494401,30.67804997,0.068211441,-0.278456919,0.012148253,-0.438230863,0.026673394,0.394548028,0.040918195
DZA,Algeria,,,,,,2019,-0.908703434,0.043574319,-0.498922392,0.027103573,24.25530091,-0.523720023,-0.546709521,0.021991568,-0.384579475,0.022022667,-0.777655691,0.023700569
AGO,Angola,,,,,,2019,0.50256002,0.133880618,-1.068377175,0.031327643,43.34057696,-0.306911907,-1.282810861,0.043743976,-1.368903175,-0.00438306,-0.941221964,0.02748776
ARG,Argentina,,,,,,2019,0.053133272,0.014939599,-1.032591642,-0.041859696,41.87007579,1.468075787,-0.321562563,0.064274588,-0.584768458,-0.01513343,0.319831729,0.00340387
ARM,Armenia,,,,,,2019,0.330845695,0.047167919,-0.366897875,0.003172444,32.96740258,0.218754623,-0.420189637,0.020543125,-0.522090153,0.006413168,-0.766210377,-0.013013486
AUS,Australia,,,,,,2019,0.840314351,-0.014918182,1.811744471,0.004938426,35.05102472,0.639475793,1.886005085,0.068592646,2.037173983,0.008121835,1.425123347,-0.002162672
AUT,Austria,,,,,,2019,1.301106218,0.012363648,1.887360041,0.002951281,28.38599151,-0.414008488,1.735039327,0.066164888,1.439805223,-0.035365157,1.441279382,0.00344848
AZE,Azerbaijan,,,,,,2019,-0.339409303,0.036498449,-0.584634268,0.024995064,42.41927202,0.385511654,-0.713242682,-0.01126643,-0.96276703,0.008826404,-1.411762015,-0.023559741
BHS,"Bahamas, The",,,,,,2019,0.985941788,0.000817008,0.573465751,-0.040328188,50.2366809,0.056515861,1.167406216,-0.05183287,1.373117087,0.001339169,0.944765238,-0.009291651
BHR,Bahrain,,,,,,2019,-0.966561913,-0.053715373,0.541410651,0.007369258,59.6,0,-0.108857076,-0.159648676,0.371264776,0.002823195,-1.189254462,-0.01933335
BGD,Bangladesh,,,,,,2019,-1.784664242,-0.052282218,-0.73565683,0.012140305,31.21206636,-0.604988137,-0.823488623,0.047092542,-1.181979271,-0.014642678,-0.532090496,-0.011174872
BRB,Barbados,,,,,,2019,1.298931782,0.017596689,1.044991758,-0.012080489,35.88372939,1.150073472,0.883692967,0.027663709,1.449328674,0.006213792,1.047670823,-0.017341339
BLR,Belarus,,,,,,2019,0.157160248,0.000143277,-1.072609729,-0.00395523,26.75280231,0.972652482,-0.218070351,0.03198287,-0.522628516,0.012346015,-1.825523879,-0.032159375
BEL,Belgium,,,,,,2019,0.673451327,-0.019377886,1.445625094,0.010779699,26.09087945,-0.684120546,1.78455043,0.06980072,1.555415196,0.01179067,1.352373369,-0.003014698
BLZ,Belize,,,,,,2019,-0.012148647,-0.020636519,-0.607705773,-0.033451154,35.09464286,-1.076785714,-0.584605246,-0.071368973,-0.179244324,-0.000273603,0.547831075,-0.015586516
BEN,Benin,,,,,,2019,0.011943226,-0.040210541,-0.843465101,-0.031349931,48.22179306,0.452817118,-0.245342312,0.04040903,-0.74024268,-0.004564772,0.188264501,-0.002232107
BTN,Bhutan,,,,,,2019,1.061959955,0.024223604,0.304987057,0.00724596,37.50267243,-0.197538304,0.969047133,0.019581711,1.023263368,0.026846657,-0.191954007,0.048069387
BOL,Bolivia,,,,,,2019,-0.645644462,-0.011421524,-1.373615153,-0.05524512,46.01566725,0.775667245,-0.242460978,0.008327279,-0.594918885,-0.001242712,-0.172473861,-0.013740835
BIH,Bosnia and Herzegovina,,,,,,2019,-0.420472985,0.006118955,-0.226853728,0.019450765,33.46316794,0.078649379,-0.226261135,0.013832344,-0.275065922,0.004371933,-0.024284814,0.004342492
BWA,Botswana,,,,,,2019,1.075945081,0.009352327,0.684820809,0.00729631,56.21244532,1.466835757,-1.008529943,0.02799437,1.075044979,0.018710208,0.31683744,-0.022456376
BRA,Brazil,,,,,,2019,-0.07679205,0.002377214,-0.093215738,0.015116188,53.54546987,0.855469867,1.248700147,0.081191561,-0.141319204,-0.007962171,0.603632577,0.020671707
BRN,Brunei Darussalam,,,,,,2019,1.1841939,0.001388008,0.642199387,0.006617369,56.4,0,1.24315804,0.076082792,0.784900478,0.023619767,-0.664290944,0.010153751
BGR,Bulgaria,,,,,,2019,0.27054691,0.001041156,0.006643329,0.01614172,38.61502359,0.505023588,-0.039263015,0.036091843,-0.123616789,0.009032599,0.490744443,0.002207151
BFA,Burkina Faso,,,,,,2019,-0.437438768,-0.018474426,-0.161696946,0.033118319,31.69343501,-0.959567494,-0.1040758,0.031547952,-0.629148075,-0.032533315,-0.210199388,0.017134148
BDI,Burundi,,,,,,2019,-1.001448523,0.071498906,-0.829317049,0.039221612,36.70417649,-0.051627265,-1.219139604,-0.064888525,-1.170520653,-0.004367253,-0.491502039,0.054517162
CPV,Cabo Verde,,,,,,2019,0.634824084,-0.019747655,0.394491833,-0.007685596,41.60760676,-0.768441081,0.731917456,0.020933785,1.227538877,0.066974651,0.907092938,0.007376348
KHM,Cambodia,,,,,,2019,0.135021205,0.062804488,-1.007380676,0.006744917,30.64248919,-0.478237475,0.022067666,-0.015367602,-1.195067655,-0.011052218,-1.014488189,-0.008178283
CMR,Cameroon,,,,,,2019,-0.459726365,0.012488963,-0.931224512,0.018123405,42.38939932,-0.138996884,-1.104364979,0.009131609,-1.087613638,-0.002127352,-1.022686878,0.003935283
CAN,Canada,,,,,,2019,1.031964762,0.000760583,1.84166848,0.009005955,35.74862038,-0.087367852,2.244901818,0.052404026,1.811795671,-0.019545721,1.344917844,-0.013636734
CAF,Central African Republic,,,,,,2019,-2.356992799,-0.054368383,-1.536939827,-0.005645352,40.9495852,-0.685411096,2.212338801,0.194622182,-0.878294582,0.016687165,-1.409509309,-0.029155864
TCD,Chad,,,,,,2019,-1.547736547,-0.007635559,-1.557373268,-0.021680035,45.92533272,0.437519963,-0.97416051,-0.029119579,-1.498089105,-0.028148177,-1.537024105,-0.025648453
CHL,Chile,,,,,,2019,0.55427921,0.002870863,1.434393833,0.015002133,48.94819957,1.24021208,-0.124143155,0.083599042,1.47087033,0.002291274,1.28570764,0.027557474
CHN,China,,,,,,2019,-0.645675192,-0.017006084,-0.398479772,0.001807985,43.37838333,0.41231072,-0.412074257,0.062634473,-0.596071348,-0.012601871,-1.73265,-0.018693556
COL,Colombia,,,,,,2019,-1.406489059,0.026026524,-0.176389758,0.037383186,51.52805454,0.70805454,-0.807869415,0.079079818,-0.276310973,0.003033221,0.075745611,0.033116297
COM,Comoros,,,,,,2019,-0.866409943,-0.052219309,-0.936218665,0.012711055,41.13928555,-1.122702942,0.809565907,0.119903638,-0.490818167,0.030812107,-0.321539226,0.018891965
COG,"Congo, Rep.",,,,,,2019,-0.040680224,0.075372997,-0.983190531,0.024948006,50.50026081,0.266701441,-0.304714806,0.007497119,-1.172704538,-0.009270495,-1.010106855,0.013114712
COD,"Congo, Dem. Rep.",,,,,,2019,-1.872375518,0.040505341,-1.345054363,0.032621457,42.05054062,-0.009818751,-1.154881379,-0.040614871,-1.064825442,0.034950354,-1.255370814,0.027082568
CRI,Costa Rica,,,,,,2019,0.519706917,-0.014208002,0.413426988,-0.00893201,48.30417369,-0.185826312,0.222158631,0.015818231,0.521598142,-0.005718654,0.978949033,-0.004074301
HRV,Croatia,,,,,,2019,0.894218073,0.041202305,0.45733778,0.039769992,30.75828229,0.428282285,0.293546762,0.017882245,0.377343903,0.040012184,0.748232798,0.033409813
CUB,Cuba,,,,,,2019,0.567081284,0.023993627,-0.518758586,0.026464426,30.77667537,0.02975743,0.83293371,0.053830448,0.122795067,-0.01957584,-1.606983796,0.002623759
CYP,Cyprus,,,,,,2019,0.712584294,0.0243769,1.171350441,0.013853497,31.72051006,-0.579489943,0.694914684,0.015897231,0.880936807,-0.025021186,1.03110961,-0.000181793
CZE,Czech Republic,,,,,,2019,1.094766828,0.018820507,1.069406009,0.017216226,25.41670362,0.196703617,1.964068638,0.017700545,0.173320328,-0.013948523,1.02616848,0.007497789
DNK,Denmark,,,,,,2019,0.804815634,-0.029986165,2.008172219,0.00903989,27.25698486,-0.393015137,-0.541214749,0.060005279,2.42644016,-0.000269153,1.654499436,0.00417626
DJI,Djibouti,,,,,,2019,0.277947877,0.049883446,-0.680089469,0.011251772,42.60866369,0.164196831,0.861496914,0.082131159,-0.26063767,0.025015369,-1.505384249,-0.037313475
DMA,Dominica,,,,,,2019,1.263114838,0.037618395,0.581539387,-0.00644825,44.4,0,2.516901045,0.11482644,0.762617007,0.013096868,1.018419818,-0.00184971
DOM,Dominican Republic,,,,,,2019,0.190592982,0.023821972,-0.687311678,-0.005804984,45.63575704,0.585757036,-0.43693659,-0.010715145,-0.919047107,-0.024963719,0.129684776,0.005370887
ECU,Ecuador,,,,,,2019,-0.475109413,0.014123621,-1.356924457,-0.0384456,45.36691891,-0.013081093,-0.4477457,-0.010997134,-0.665376975,0.01560926,-0.362678488,-0.009116003
EGY,"Egypt, Arab Rep.",,,,,,2019,-1.636417011,-0.077444852,-0.510792286,-0.031714248,31.04713633,-0.244605675,-1.160748205,0.069034604,-0.790088877,-0.027277173,-1.214295678,-0.018651349
SLV,El Salvador,,,,,,2019,0.032589794,0.002120476,-0.621814059,0.005443984,40.75138138,0.861381383,0.141465942,0.016878317,-0.061824939,0.033598357,0.091415122,0.006149518
GNQ,Equatorial Guinea,,,,,,2019,0.217923409,0.024293073,-1.29547777,0.00223327,50.2,0,0.518589216,0.046116589,-1.738703595,-0.020733158,-2.05154025,-0.025567409
ERI,Eritrea,,,,,,2019,-0.634553605,0.016400848,-1.770370946,-0.076782211,39,0,0.845488251,0.085029968,-1.182091001,-0.091530981,-2.570461341,-0.06349243
EST,Estonia,,,,,,2019,0.624466827,-0.003737953,1.48038125,0.048415134,32.51877683,0.443776828,-0.42365868,0.046798693,1.339886005,0.046761879,1.181712272,0.011683816
SWZ,Eswatini,,,,,,2019,-0.360253388,-0.015276441,-0.468245401,0.012010891,48.64160389,-0.396977707,-1.21821273,-0.07340194,-0.413646918,-0.012214594,-1.211511861,0.005167211
ETH,Ethiopia,,,,,,2019,-1.798600916,-0.038287349,-0.53857891,0.01790118,32.80884204,-0.831071985,2.350110953,0.030899323,-0.492341966,0.015467739,-1.383893361,-0.017740798
FJI,Fiji,,,,,,2019,-0.256169001,-0.042469004,-0.99092175,-0.051558131,39.38052011,-0.137929351,-0.54259868,-0.060409449,-0.758545937,-0.046275136,-0.922037942,-0.047892377
FIN,Finland,,,,,,2019,1.379244534,-0.008059253,1.997497363,0.004094261,26.03043631,-0.284563687,1.478702809,0.096812065,2.197556916,-0.015277036,1.563407021,-0.00145275
FRA,France,,,,,,2019,0.373571767,-0.016852003,1.470160217,0.005361028,28.94011469,-1.448551496,1.99744779,0.040552577,1.418381807,0.004382671,1.252051445,0.0018383
GAB,Gabon,,,,,,2019,0.326786685,0.004942035,-0.591546206,-0.011428655,37.56890961,-0.676380361,0.700384914,0.086105119,-0.697104018,0.003149333,-1.157494387,-0.036563669
GMB,"Gambia, The",,,,,,2019,-0.234443754,-0.040893915,-0.738124073,-0.039590646,34.47936479,-0.913994416,-1.36359099,-0.031756442,-0.735713266,-0.01418917,-1.104520021,-0.009306063
GEO,Georgia,,,,,,2019,-0.153625602,0.07102548,0.493711145,0.097881211,39.08566202,1.722158836,-0.792268854,0.062813665,0.697311971,0.094369933,0.110226496,0.028589696
DEU,Germany,,,,,,2019,0.696216907,-0.022623215,1.731096917,0.007161078,30.03202693,-0.412973072,-0.499139722,0.071318615,1.626583678,-0.020531254,1.422442797,0.004528502
GHA,Ghana,,,,,,2019,0.1979642,0.024718713,0.106505995,0.016503817,43.83721164,0.395002079,-0.626338137,0.105511773,-0.009469711,0.009541629,0.796918434,0.052656491
GRC,Greece,,,,,,2019,-0.274842413,-0.052121986,0.424494409,-0.024185036,33.39565694,-1.054343064,-0.755551598,0.018642604,-0.436500869,-0.062120859,0.655445561,-0.022293383
GRD,Grenada,,,,,,2019,0.304727578,-0.028474741,-0.022523023,-0.021624927,29.03861993,-0.84008364,-0.464765711,0.038462893,0.2626169,-0.02236407,0.917937229,0.013405242
GTM,Guatemala,,,,,,2019,-0.666906228,0.012256465,-1.053781212,0.001418435,59.83577504,0.395698159,1.746688713,0.0456804,-0.488639576,0.012933938,-0.345928105,-0.00139177
GIN,Guinea,,,,,,2019,-1.636768405,-0.014996409,-1.478327703,-0.009243271,32.88622352,-0.599761668,-1.380876203,-0.0264886,-1.332054079,-0.036445486,-1.016342812,0.014770668
GNB,Guinea-Bissau,,,,,,2019,-0.315475612,0.04631178,-1.164465213,0.025652169,42.18091519,-0.033605897,0.206092412,0.066364613,-1.270662801,-0.01403118,-0.999255972,-0.005191018
GUY,Guyana,,,,,,2019,-0.534879332,-0.00588279,-0.621175068,-0.00686802,20.41954391,-1.294729525,-0.694970977,-0.032929545,-0.749909875,-0.019343087,-0.116979137,-0.028265307
HTI,Haiti,,,,,,2019,-1.007327742,0.009876436,-1.209128655,0.027930575,55.63599164,0.14759596,-0.294692385,0.027059333,-1.223914231,0.009144523,-0.760829675,0.011524164
HND,Honduras,,,,,,2019,-0.574375728,-0.014181693,-1.033413261,-0.007283859,50.42832365,0.678323653,-1.180080117,0.038523556,-0.79345088,0.005745077,-0.545689537,-0.019302008
HKG,"Hong Kong SAR, China",,,,,,2019,1.2045392,0.025924674,1.958993563,0.052589464,49.2464469,0.488244668,0.418459338,0.074660571,1.960887707,0.019965194,0.802640744,0.038354849
HUN,Hungary,,,,,,2019,0.586043537,-0.023076128,0.636122354,-0.013695073,29.20660014,0.096600138,-0.128459297,0.059315491,0.173144745,-0.026657889,0.699043277,-0.024333958
ISL,Iceland,,,,,,2019,1.201782836,-0.011535835,1.768995075,-0.000756483,24.7952967,-0.014945056,0.262766942,0.058703243,2.036375744,-0.005897818,1.43542036,-0.005171205
IND,India,,,,,,2019,-1.242568339,-0.007936092,-0.177283488,-0.022336181,33.29054992,-0.018441257,-0.704669571,0.047700468,-0.556649533,-0.010743912,0.465334384,0.007305193
IDN,Indonesia,,,,,,2019,-0.370560501,0.077836693,-0.575941806,0.008254391,37.06452791,-1.462440743,1.596790274,0.005272965,-0.585238008,0.018108898,0.381323092,0.05733489
IRN,"Iran, Islamic Rep.",,,,,,2019,-1.534162261,-0.047329282,-1.076532418,-0.024414783,40.33636121,0.295913749,1.886086197,0.08946084,-0.753597149,-0.011736591,-1.884283257,-0.050199216
IRQ,Iraq,,,,,,2019,-2.552690383,-0.032225434,-1.667262766,-0.006358666,23.28719528,-0.809177951,1.053550757,0.071398949,-1.32178732,0.005526256,-0.771469404,0.062555109
IRL,Ireland,,,,,,2019,0.826159404,-0.031775723,1.838160043,0.017207684,30.85440949,-0.149803816,-1.253394705,0.084457172,1.604470117,0.001940648,1.349312274,-0.002698477
ISR,Israel,,,,,,2019,-1.213300943,0.004191448,0.849011931,-0.009142366,39.72666209,0.752524156,-0.058679454,0.026767708,0.546069237,-0.037169316,0.672854383,0.003913708
ITA,Italy,,,,,,2019,0.197922964,-0.036587321,0.143453368,-0.035238443,33.26280787,-0.662192126,0.369322065,0.006325809,-0.13828554,-0.038590154,0.922279069,-0.007977626
JAM,Jamaica,,,,,,2019,-0.150162528,-0.001660507,-0.427286253,-0.00014472,34.71231396,-1.457781463,1.57668547,0.011243679,-0.478518286,-0.008633997,0.420242239,-0.010806812
JPN,Japan,,,,,,2019,0.86193377,-0.013814885,1.402214841,0.007816599,34.76505771,0.234108862,-0.734581425,0.130761055,1.768600253,0.041552452,1.073412051,0.006539761
JOR,Jordan,,,,,,2019,-0.646296399,-0.026860809,0.390248619,0.004009808,35.17964608,-0.052004922,-0.648748432,0.057361272,0.281780003,0.012939094,-0.997505605,-0.034966671
KAZ,Kazakhstan,,,,,,2019,0.200731345,0.00846023,-0.451560876,0.036735784,28.62487048,1.164459801,-0.748488341,0.004701371,-0.831248345,0.011591603,-1.244246048,-0.016340337
KEN,Kenya,,,,,,2019,-1.426255534,-0.021647685,-0.743059703,0.015083204,41.2895259,0.161984024,-1.132656462,0.000857287,-0.980623572,-0.000872929,0.060771137,0.043338688
KOR,"Korea, Rep.",,,,,,2019,0.259997398,-0.007138017,1.059732646,0.014312934,33.34508714,0.139861734,1.171755998,0.020311958,0.550324178,0.012081867,0.742724713,0.007585349
KWT,Kuwait,,,,,,2019,0.273478229,-0.001081622,0.373862573,-0.01390243,78.45421903,2.445557837,-0.829116732,-0.060161215,-0.167831998,-0.060562574,-0.732145443,-0.025603322
KGZ,Kyrgyz Republic,,,,,,2019,-1.212738333,-0.036593406,-1.379240418,-0.03071129,29.56578222,1.230725718,0.390266216,0.074788246,-1.445718598,-0.04170578,-0.6982354,0.015032684
LAO,Lao PDR,,,,,,2019,0.068517207,0.025306205,-0.838319063,0.00919566,35.91467622,0.088419048,-0.435410349,-0.039080961,-1.372513873,-0.033203301,-1.897480973,-0.034608115
LVA,Latvia,,,,,,2019,0.619086906,0.011828299,1.090805859,0.048501582,35.5544466,1.049446597,-0.516323881,0.063674249,0.524235113,0.041673846,0.808336762,0.004963284
LBN,Lebanon,,,,,,2019,-2.139428507,-0.079294236,-0.920359337,-0.037676532,32.75608341,-0.380488775,-1.4363524,-0.036089526,-1.153578303,-0.041858288,-0.453995053,-0.00327504
LSO,Lesotho,,,,,,2019,0.212281529,0.014799096,-0.416088241,-0.023788115,50.70698451,-0.33835772,2.118919644,0.156785746,0.288333889,0.029038525,0.259390975,0.036517022
LBR,Liberia,,,,,,2019,-0.02392416,0.11812762,-0.410311409,0.089345988,34.12603164,-0.315368284,0.939315159,0.065884776,-0.141684877,0.073085121,0.144091899,0.07480602
LBY,Libya,,,,,,2019,-0.744105875,-0.027436898,-1.17787891,-0.015899705,29.29986439,-0.100007824,-0.275634237,0.031121596,-1.526358226,-0.042155232,-1.444557668,0.014215164
LTU,Lithuania,,,,,,2019,0.95632145,0.026393415,0.956053836,0.031930631,37.78849188,0.398491877,0.748394673,0.053009151,0.383798387,0.018105924,0.889735253,0.000937218
LUX,Luxembourg,,,,,,2019,1.398270318,-0.000693558,1.839172502,0.003472896,32.67277808,0.380957519,-0.170359337,0.093617596,2.065020332,0.005190509,1.605929152,0.006999415
MDG,Madagascar,,,,,,2019,-0.876521113,-0.055549259,-0.846770231,-0.027480727,43.42705267,-0.014748615,-0.225085457,0.002856217,-0.543494724,-0.027126532,-0.921736281,-0.051575072
MWI,Malawi,,,,,,2019,0.196190568,0.025457151,-0.053800374,0.019991997,45.88761299,0.909553397,-0.469993455,-0.014047399,-0.686928255,-0.015709215,-0.255548063,0.000859938
MYS,Malaysia,,,,,,2019,0.120021155,-0.005668052,0.559876131,0.005828348,41.30440288,0.098533866,-0.790193493,0.034562152,0.120778653,-0.015760019,-0.491253658,-0.010202128
MDV,Maldives,,,,,,2019,-0.270491366,-0.068622267,-0.717867143,-0.058185772,35.26987267,-0.335962819,-0.555937568,-0.041831872,-0.784815088,-0.040202436,-0.44166877,0.005960729
MLI,Mali,,,,,,2019,-1.403422964,-0.103630572,-0.497104887,-0.007514835,32.76631823,-0.481850168,0.118050266,0.023862635,-0.652298229,-0.007045732,-0.025189869,-0.004157149
MLT,Malta,,,,,,2019,1.030374433,-0.021617529,1.468954083,0.008194093,28.75369573,-0.096304267,-0.369654199,-0.107736558,1.063662354,0.016779065,1.183756339,0.000234059
MRT,Mauritania,,,,,,2019,-1.318860408,-0.0877783,-1.10025418,-0.03768128,29.61753631,-0.676364641,0.331200733,0.033712054,-0.972696955,-0.049343227,-1.069466797,-0.016564496
MUS,Mauritius,,,,,,2019,0.76700745,-0.009265426,0.916733813,-0.002793758,34.54724052,-0.205690257,0.502001821,0.024275876,0.455311842,-0.004752052,0.814904372,-0.005174924
MEX,Mexico,,,,,,2019,-0.749071026,-0.017283159,-0.512726859,0.000889224,48.16802899,-0.051861575,0.655671715,0.013374805,-0.44260857,-0.00896636,0.128962284,0.000576639
MDA,Moldova,,,,,,2019,-0.228624885,-0.001302685,-0.464993701,-0.004752306,29.4947777,2.216980225,-0.613273881,-0.026062411,-0.862573578,-0.020425742,-0.182829613,0.005053623
MNG,Mongolia,,,,,,2019,0.665825567,-0.000787467,-0.492865996,-0.026064182,33.49316521,0.664242758,0.460255697,-0.027562552,-0.774596007,-0.028896909,-0.024231367,-0.021569291
MNE,Montenegro,,,,,,2019,0.559465439,0.013844849,0.240620864,0.042627159,32.54909091,0.214545455,-0.800545256,-0.070854143,0.069960368,0.040981883,0.480544498,0.037594906
MAR,Morocco,,,,,,2019,-0.635199502,-0.025504716,-0.394330012,-0.028689811,34.06005771,-0.360725374,-0.463567729,-0.041981983,-0.630503849,-0.040911523,-0.921766719,-0.027284736
MOZ,Mozambique,,,,,,2019,0.248186684,0.011202241,-0.577183845,0.009477798,49.30970503,0.013393707,-0.582629693,0.027093047,-0.648566721,-0.013488988,-0.113285753,0.004498017
NAM,Namibia,,,,,,2019,1.115061031,0.044413626,0.186194716,0.000186301,56.46602194,-1.259684791,-0.884219291,-0.027379523,0.133528147,-0.016404722,0.432468663,0.005869345
NPL,Nepal,,,,,,2019,-1.795129834,-0.032519523,-1.089707289,-0.040939758,36.23374063,-0.113354866,-0.593988208,0.004437492,-0.865841553,-0.025941058,-0.76177678,-0.015130755
NLD,Netherlands,,,,,,2019,0.75410534,-0.034488687,1.893221819,0.010950943,27.03798967,-0.672010331,2.41735266,0.070041104,2.028395901,-0.010631502,1.552597429,-0.002631345
NZL,New Zealand,,,,,,2019,1.35019595,0.007069807,1.929352691,0.00645507,33.13721715,-1.21278285,-0.178761692,0.072628828,2.365390147,0.002047206,1.528414402,-0.006952322
NIC,Nicaragua,,,,,,2019,-0.157105085,0.013154088,-0.743836552,-0.000266742,41.05014842,-0.684201101,-0.692447503,0.033679362,-0.770236033,-0.005864922,-0.601590073,-0.03018489
NER,Niger,,,,,,2019,-1.404884775,-0.070223594,-0.504388103,0.018320513,40.44756991,0.146365573,2.242621933,0.124049587,-0.461623093,0.031093075,0.071077429,0.056075693
NGA,Nigeria,,,,,,2019,-2.493598068,-0.067478057,-1.111354822,0.009901908,42.31198307,-0.06253778,2.215566862,0.02383899,-1.099091379,0.002700242,-0.499583511,0.029202844
MKD,North Macedonia,,,,,,2019,-0.161320194,0.041186434,-0.133458802,0.022686119,36.02257077,1.316471428,-0.808218552,0.054547009,0.282074394,0.058567404,0.240825297,0.029898577
NOR,Norway,,,,,,2019,1.182655839,-0.010291445,1.976940226,0.005023406,25.91881495,-0.291185053,0.259682762,0.12986142,2.05462632,-0.008746114,1.725158808,0.009603434
OMN,Oman,,,,,,2019,0.541062561,-0.020851093,0.537115751,-0.003802457,23.17228298,-1.387979438,-0.433099004,-0.064534438,0.070422484,-0.026425193,-1.216345329,-0.03067453
PAK,Pakistan,,,,,,2019,-3.199265138,-0.105322179,-0.904042276,-0.006285061,31.71040991,-0.898594436,-0.3797583,0.035166105,-0.914431909,0.001830797,-0.898433521,0.004564205
PSE,West Bank and Gaza,,,,,,2019,-1.987876691,-0.021839013,-0.626657229,-0.024439868,33.75312351,-0.0113763,0.673055159,0.086390721,-0.507859296,0.025247735,-0.70439769,0.020812048
PAN,Panama,,,,,,2019,-0.163168823,-0.016889569,-0.113389043,0.003908694,51.66560564,1.265605636,-0.814325628,0.004154253,-0.362668153,-0.003605487,0.597359873,0.009635079
PNG,Papua New Guinea,,,,,,2019,-0.745020589,-0.010704453,-1.004213665,-0.007371315,34.00587229,-1.01362817,-0.357976859,-0.349071883,-1.352345375,-0.029347501,-0.008139472,0.001688822
PRY,Paraguay,,,,,,2019,-0.57136452,0.01737281,-0.833862823,0.012271013,48.89737672,0.987376718,-0.714391354,0.008471483,-0.879806678,0.01982499,-0.066782853,0.020735824
PER,Peru,,,,,,2019,-0.783512789,0.010769744,-0.62029883,0.001980085,43.9412955,0.451295504,0.925301719,-0.019477531,-0.41119906,-0.008412829,0.344157544,0.037369979
PHL,Philippines,,,,,,2019,-1.670390563,-0.039650314,-0.67861907,-0.023952599,45.3765186,0.235862578,0.453016181,0.078865826,-0.817052411,-0.024965844,-0.169591565,-0.020161069
POL,Poland,,,,,,2019,0.986965005,0.026928039,0.641409088,0.002165173,30.48709277,0.224235625,1.064348233,0.047015722,0.376198341,-0.004453409,0.963853745,-0.002770163
PRT,Portugal,,,,,,2019,0.538674237,-0.040837892,0.966595547,-0.013896335,33.98263858,-0.177361416,0.255680051,0.043281295,0.773347033,-0.029098457,0.942587618,-0.028478206
QAT,Qatar,,,,,,2019,1.325208611,0.029093277,1.218393501,0.046680754,27.62307309,-0.652692691,0.307524138,-0.014885284,1.613981869,0.062376999,-1.030002848,-0.03081375
ROU,Romania,,,,,,2019,0.110185141,-0.004175575,0.094009006,0.014243694,34.89059668,0.943096679,-1.43892889,0.057168436,-0.065930079,0.01963107,0.424738429,0.003048381
RUS,Russian Federation,,,,,,2019,-0.724554388,0.026316593,-0.725073989,0.013685383,41.29653703,2.515823434,0.086339339,0.002678829,-0.984794089,-0.004142861,-1.1833954,-0.040754727
RWA,Rwanda,,,,,,2019,0.608655348,0.135414308,0.31670781,0.094426418,47.38844552,2.544813059,2.325844698,0.194987983,0.994036401,0.098848686,-1.114933143,0.017228171
LCA,St. Lucia,,,,,,2019,0.92865804,0.009999147,0.772047936,0.005147156,49.6632943,-0.386497892,-0.172693399,-0.110527426,1.429442544,0.061495847,1.233280757,0.009861037
WSM,Samoa,,,,,,2019,0.932046633,-0.015020096,0.675605283,-0.012491309,38.8276136,-0.202233425,-0.352960636,-0.071075585,0.32428477,0.0203764,0.464449976,-0.013943216
STP,Sao Tome and Principe,,,,,,2019,-0.252071056,-0.061259139,-1.012542016,-0.043687471,29.84640778,-0.139699422,1.010251443,0.110527792,-0.479304154,-0.007687801,0.070237365,-0.01703842
SAU,Saudi Arabia,,,,,,2019,-0.551336036,-0.024905373,0.232794081,0.005532311,42.3011731,-0.89988269,-0.032689696,0.028668404,0.18980705,0.035563869,-1.89210628,-0.022161407
SEN,Senegal,,,,,,2019,0.132895367,0.044194198,-0.377366479,-0.017514868,38.20089483,-0.278138482,-0.357951297,-0.022878131,-0.458723485,-0.018330989,-0.120739476,-0.008898402
SRB,Serbia,,,,,,2019,0.395937485,0.100638346,0.065158714,0.071074191,37.13301099,0.226437779,0.429889286,0.033989235,0.117954698,0.05897095,0.875355035,0.089470348
SYC,Seychelles,,,,,,2019,0.623188611,-0.0196034,-0.228067606,-0.039562907,42.43882349,-0.069748358,-0.631958397,-0.057850967,0.17252645,-0.013424654,-0.016511672,-0.013196313
SLE,Sierra Leone,,,,,,2019,0.666982156,0.127340319,-0.719820057,0.034583655,39.33902079,-0.399498658,-1.582765055,-0.042249486,-0.956901555,-0.005241497,0.127669989,0.061917427
SGP,Singapore,,,,,,2019,1.356032105,0.019695054,1.957763449,0.033146395,47.39876866,0.081957205,-1.627036977,0.116444537,2.1440716,-0.007022823,-0.265761263,-0.019518771
SVK,Slovak Republic,,,,,,2019,1.061077195,0.013870002,0.650872985,0.021855281,26.13084991,0.804599014,-0.136769884,0.011736697,0.170343533,-0.004760024,1.050637091,0.01522072
SVN,Slovenia,,,,,,2019,0.836850781,-0.014482767,0.913104816,-0.006893611,24.40281406,-0.157185936,0.885831576,0.117906918,0.680098859,-0.02163563,0.902629041,-0.015690412
SLB,Solomon Islands,,,,,,2019,0.207496091,-0.001312333,-1.087095375,-0.03945286,32.60143738,-1.124948664,-0.098304354,0.018289564,-0.199370627,0.034225589,-0.35263432,-0.054526236
ZAF,South Africa,,,,,,2019,0.195475817,0.030925293,0.128368687,0.002824217,64.97765918,0.015368599,0.463866651,0.023108687,-0.274652387,-0.050618037,0.474060808,-0.016463568
ESP,Spain,,,,,,2019,-0.205310805,-0.020114764,0.937852915,-0.021023691,34.58455746,-0.78544254,1.503603665,0.090398718,0.791415357,-0.028872539,0.949871198,-0.01943645
LKA,Sri Lanka,,,,,,2019,-0.506119284,0.060817025,-0.184133103,-0.021623967,40.37845047,0.037001226,0.881961934,0.019610842,-0.343638236,-0.008486786,-0.656976662,-0.023957293
SDN,Sudan,,,,,,2019,-2.372700709,-0.009474776,-1.109122172,0.024886848,33.8144195,-0.138949223,-0.681373523,0.004936428,-1.530196716,-0.025783427,-1.677473231,0.003632825
SUR,Suriname,,,,,,2019,0.014756876,-0.016926554,-0.094113926,0.010375319,44.49083166,4.084739116,2.375514832,0.102395882,-0.530070802,-0.036972414,0.595529939,0.027442967
SWE,Sweden,,,,,,2019,1.047463131,-0.016843968,2.022047291,0.013018431,26.38924976,-1.980750244,-1.342842697,0.085470351,2.189693827,-0.006364797,1.642817976,0.003975033
CHE,Switzerland,,,,,,2019,1.227886943,-0.007862931,1.778404431,-0.007646631,30.77752753,-0.090754718,1.358287717,0.080816948,2.104032362,-0.002845509,1.700086606,0.013289415
SYR,Syrian Arab Republic,,,,,,2019,-2.34962283,-0.133900793,-1.187670621,-0.048068141,19.33379562,-1.266551095,-0.34471033,-0.021418773,-1.332633431,-0.034804152,-1.867018779,-0.021145745
TJK,Tajikistan,,,,,,2019,-0.479049895,0.071028403,-0.939658035,0.027669752,34.16020832,0.127434375,-0.172310941,0.062661549,-1.035003712,0.00686386,-1.288383917,0.006020833
TZA,Tanzania,,,,,,2019,0.01807385,0.035721279,-0.539802456,-0.012783916,33.07561631,-0.386147504,1.647087779,0.019955159,-0.440737304,0.023845545,0.048055538,0.033024551
THA,Thailand,,,,,,2019,-2.014112375,-0.125866121,-0.483677599,-0.051264536,37.61039522,0.901221663,-0.428080196,0.090094542,-0.438516785,-0.01675905,-0.967931325,-0.072345625
TLS,Timor-Leste,,,,,,2019,-0.63764274,-0.016035532,-1.54530001,-0.055200326,25.03635933,-0.531149006,-0.040548386,0.051609357,-1.068602545,-0.02875068,0.005222993,-0.009344177
TGO,Togo,,,,,,2019,-0.205612324,0.016550141,-1.007818026,-0.011142605,44.65582607,0.453948078,-1.244985192,-0.045914112,-1.130725396,-0.02205763,-0.926054671,0.018785233
TON,Tonga,,,,,,2019,0.900886666,0.027415354,-0.084976219,-0.024418212,37.52332738,-0.023335854,1.130389695,0.153861426,-0.36613441,0.017145,0.333491352,0.015197954
TTO,Trinidad and Tobago,,,,,,2019,-0.045645567,-0.004432487,-0.518251158,-0.047890381,30.22147505,-0.385105721,-0.52629687,0.014304293,-0.785589395,-0.061666668,0.387449228,-0.014341653
TUN,Tunisia,,,,,,2019,-0.684408878,-0.054318772,0.056402275,0.007238731,33.60698071,0.349495609,-0.912753755,-0.005569952,-0.145078315,-0.010684168,-0.677379078,0.008003735
TUR,Turkey,,,,,,2019,-0.898757599,0.00574896,0.175254819,0.013325171,40.70454383,-1.313789504,-0.645860218,0.085555084,0.271613919,0.036553465,-0.019141926,0.020299743
TKM,Turkmenistan,,,,,,2019,0.236328707,0.008580723,-1.469098655,-0.006359444,39.5865228,0.37710219,-0.0606215,0.08007328,-1.691763028,-0.04121562,-2.407003701,-0.040740801
UGA,Uganda,,,,,,2019,-0.746817801,0.037645777,-0.240951187,0.023266077,43.28592701,0.587101279,-1.111539857,0.035765042,-1.01533334,-0.012496622,-0.286093764,0.033536975
UKR,Ukraine,,,,,,2019,-0.572018155,-0.018347964,-0.662869752,0.017874495,27.88566373,1.303470185,0.909525232,-0.003146501,-0.883558609,0.006491043,0.027917546,0.026919494
ARE,United Arab Emirates,,,,,,2019,0.868620421,0.001235509,0.438992701,-0.011879851,47.11690635,0.76711388,1.396200335,0.060905029,1.670199521,0.073821051,-1.188062207,-0.032757615
GBR,United Kingdom,,,,,,2019,0.138969403,-0.033809807,1.748528417,0.005621798,34.62246151,0.502223413,0.05738771,0.018362851,1.409623702,-0.041336492,1.356424496,0.002541403
USA,United States,,,,,,2019,0.339663897,-0.014752206,1.628010387,0.006621451,43.93254709,0.44728042,-0.456172839,0.075105939,1.196554559,-0.026412915,0.977110662,-0.020533348
URY,Uruguay,,,,,,2019,0.936646216,0.013235828,0.642227553,0.008246492,40.3316365,0.516636497,-1.203119417,0.114715299,1.504637116,0.042269685,1.163180964,0.014793046
UZB,Uzbekistan,,,,,,2019,-0.725093976,0.02811558,-1.311945451,-0.006303182,50.65312055,0.715357975,-0.15158013,0.048983966,-1.225525091,-0.012942082,-2.184812394,-0.025042477
VEN,"Venezuela, RB",,,,,,2019,-1.32504022,-0.022921274,-2.065276838,-0.062194262,41.14777337,-0.170320148,-0.356773568,0.024762475,-1.364118264,-0.029298548,-1.270495138,-0.056474181
VNM,Vietnam,,,,,,2019,0.104559066,-0.010997655,-0.471648558,-0.003899995,35.7263325,0.287232981,-1.382851718,0.003620007,-0.666051225,-0.007242629,-1.498535701,-0.009079565
YEM,"Yemen, Rep.",,,,,,2019,-2.686826652,-0.078960363,-1.03066981,0.017180958,34.70644136,-0.086131541,-1.089597141,-0.029828117,-1.342563471,-0.034714361,-1.57899064,-0.041674951
ZMB,Zambia,,,,,,2019,0.650865475,0.03915589,-0.346509187,0.011784389,52.48685395,-1.217247894,-0.447768107,0.015185129,-0.251891639,0.036549687,-0.049262368,0.023613489
ZWE,Zimbabwe,,,,,,2019,-0.938674864,0.009521837,-2.060015822,-0.048013928,53.80538067,-0.209737207,-1.201478834,-0.035861129,-1.719347819,-0.050157988,-1.773620222,-0.039099548
SOM,Somalia,,,,,,2019,-3.195744287,-0.039097976,-2.553994442,-0.017657523,35.61344676,0.180113429,-0.049279346,0.07978329,-1.697776853,0.000795522,-2.113445504,-0.013429891
XKX,Kosova,,,,,,2019,-1.95929605,-0.251317808,-0.283983836,0.052485703,27.23692893,0.113770309,-1.138127016,-0.041166153,-0.535838487,0.008190063,0.284004288,0.074262401
